State,District,Relief Camp / Shelter Name,Disaster Type,Precise Address / Location,Latitude,Longitude,Accommodation Capacity (persons),Actual Inmates / Evacuees,Camp Type,Year / Event,Source
Maharashtra,Mumbai City,Hindmata Flood Relief Camp,Flood,"Hindmata Junction, LBS Marg, Parel, Mumbai – 400012",19.0116,72.8398,5000,4000,Municipal school cluster,Annual monsoon floods; 2005 26/7,BMC Mumbai Disaster Plan; NDMA 2005
Maharashtra,Mumbai City,Dharavi-Kurla Mithi River Camp,Flood,"90 Feet Road, Dharavi, Mumbai – 400017",19.0478,72.851,15000,12000,Municipal school cluster,2005 26/7 Floods; annual,NDMA 2005; Wikipedia 2005 Maharashtra floods
Maharashtra,Mumbai City,Govandi Relief Camp,Flood,"Govandi Station Road, Govandi, Mumbai – 400043",19.0487,72.9313,3000,2500,Municipal school,Annual waterlogging; 2005,IRCS ReliefWeb Bulletin No.10 2005 (Govandi assessed)
Maharashtra,Mumbai City,Sakinaka Flood Camp (Kurla Ward L),Flood / Landslide,"Sakinaka Junction, Andheri East, Mumbai – 400072",19.0896,72.8876,2000,1800,Municipal school + community hall,2005 26/7; 2014 Malin slide,DNA India Jul 2014; NDMA 2005
Maharashtra,Mumbai City,Matunga Relief Camp (Ward F/C),Flood,"King's Circle, Matunga West, Mumbai – 400019",19.0207,72.8393,2000,1600,Municipal school,Annual waterlogging,BMC relief plan; NDMA
Maharashtra,Mumbai City,Andheri Flood Relief Camp (Ward K/E & K/W),Flood,"S V Road, Andheri West, Mumbai – 400058",19.1136,72.8697,3000,2500,Municipal school cluster,Annual; 2005 Andheri worst-hit,BMC; IRCS Bulletin 10 2005 (Andheri assessed)
Maharashtra,Mumbai City,Malad-Kandivali Flood Camp,Flood,"S V Road, Malad West, Mumbai – 400064",19.1862,72.8484,2000,1700,Municipal school cluster,Annual; 2005,BMC relief; NDMA 2005
Maharashtra,Mumbai City,Ghatkopar Flood Camp (Ward N),Flood,"LBS Marg, Ghatkopar West, Mumbai – 400086",19.076,72.9101,2500,2000,Municipal school,Annual; 2005 Ghatkopar waterlogged,BMC Mumbai; IRCS Bulletin 10 2005
Maharashtra,Mumbai Suburban,Thane Flood Relief Camp,Flood,"Thane Municipal Corporation, Mula Matha Road, Thane – 400601",19.2183,72.9781,5000,4000,Municipal school cluster,2021 MH floods; annual,NDRF MH deployment 2021; NDMA
Maharashtra,Mumbai Suburban,Bhiwandi Flood Camp,Flood,"Bhiwandi Municipal Office, MG Road, Bhiwandi, Thane – 421302",19.3006,73.0633,3000,2500,Municipal school cluster,Annual Ulhas flooding,Maharashtra SDMA / CWC
Maharashtra,Mumbai Suburban,Kalyan-Dombivli Flood Camp,Flood,"Kalyan Municipal Building, Durga Mata Road, Kalyan – 421301",19.2403,73.1305,3000,2500,Municipal school cluster,Annual waterlogging,Maharashtra SDMA
Maharashtra,Palghar,Palghar Tribal Flood Camp,Flood / Cyclone,"Palghar Municipal Council, Station Road, Palghar – 401404",19.6967,72.7697,2000,1600,Govt school + tribal community hall,2021 MH floods; Cyclone Tauktae 2021,NDMA MH 2021; NDRF 26 teams 2021
Maharashtra,Palghar,Dahanu-Talasari Coastal Camp,Flood / Cyclone,"Dahanu Municipal Building, Dahanu Road Station, Dahanu – 401602",19.9782,72.7132,1500,1200,Govt school,Cyclone Tauktae 2021; annual coastal,Maharashtra SDMA Tauktae 2021
Maharashtra,Raigad,Mahad Flood Relief Camp (2021 Landslide),Flood / Landslide,"Mahad Municipal Council, NH-66, Mahad, Raigad – 402301",18.0411,73.4157,5000,4200,Govt school + community hall,2021 Maharashtra Floods Jul,Wikipedia 2021 MH floods; NDMA
Maharashtra,Raigad,Poladpur Flood Camp,Flood / Landslide,"Gram Panchayat Office, Poladpur, Raigad – 402303",18.236,73.4196,2000,1600,Govt school,2021 MH floods (SRMD operated Mahad & Poladpur),SRMD Sep 2021 report
Maharashtra,Raigad,Mangaon Relief Camp,Flood,"Mangaon Tahsildar Office, Mangaon, Raigad – 402104",18.2379,73.2669,2000,1600,Tahsildar office + school,2021 MH floods (Ratnanidhi supplies at Mangaon office),Ratnanidhi.org 2021
Maharashtra,Raigad,Alibag Cyclone Camp,Cyclone,"Alibag Collectorate, Dr Babasaheb Ambedkar Rd, Alibag – 402201",18.6414,72.8723,2000,1600,Govt school + Tahsildar office,Cyclone Nisarga 2020; Tauktae 2021,Maharashtra SDMA 2020 Nisarga
Maharashtra,Raigad,Roha Flood Camp,Flood,"Roha Municipal Council, Station Road, Roha, Raigad – 402109",18.4387,73.1188,1500,1200,Govt school,Annual Kundalika flooding,Maharashtra SDMA
Maharashtra,Ratnagiri,Chiplun Flood Relief Camp,Flood,"Chiplun Bus Stand Area, NH-66, Chiplun, Ratnagiri – 415605",17.531,73.5146,4000,3500,Govt building + school,2021 MH floods Jul,NDMA Jul 2021; Sewa Canada MH
Maharashtra,Ratnagiri,Ratnagiri Town Camp,Flood,"District Collectorate, Ratnagiri – 415612",16.9902,73.312,2000,1600,Municipal school,2021 MH floods; annual,Maharashtra SDMA 2021
Maharashtra,Ratnagiri,Khed Flood Camp,Flood,"Khed Tahsil Office, Khed, Ratnagiri – 415709",17.7184,73.3857,1500,1200,Govt school,Annual flooding; 2021,Maharashtra SDMA
Maharashtra,Ratnagiri,Guhagar Coastal Camp,Flood / Cyclone,"Guhagar Beach Road, Guhagar, Ratnagiri – 415703",17.5308,73.2039,1000,800,Govt school,Annual NE monsoon; Cyclone Tauktae,Maharashtra SDMA
Maharashtra,Sindhudurg,Kankavli Flood Camp,Flood,"Kankavli Bus Stand, Kankavli, Sindhudurg – 416602",16.4115,73.7087,2000,1600,Govt school + panchayat hall,2021 MH floods,NDMA 2021; IAHV MH 2021
Maharashtra,Sindhudurg,Kudal Flood Camp,Flood,"Kudal Municipal Council, Kudal, Sindhudurg – 416520",16.0614,73.6895,1500,1200,Govt school,2021 MH floods; annual,Maharashtra SDMA 2021
Maharashtra,Sindhudurg,Sawantwadi Coastal Camp,Flood / Cyclone,"Sawantwadi Municipal Council, Sawantwadi – 416510",15.8601,73.8267,1500,1200,Govt school,Annual; Cyclone Tauktae 2021,Maharashtra SDMA
Maharashtra,Kolhapur,Kolhapur Panchaganga Flood Camp,Flood,"Rajarampuri, Near Rankala Lake, Kolhapur – 416008",16.6981,74.2325,6000,5000,Govt school + indoor stadium,2019 & 2021 floods (1.5L evacuated Sangli-Kolhapur total),ReliefWeb DREF 2019; Naam Foundation 2019
Maharashtra,Kolhapur,Ichalkaranji Flood Camp,Flood,"Ichalakaranji Municipal Council, Shahaji Rd, Ichalkaranji – 416115",16.6908,74.4607,3000,2500,Municipal school + spinning mill relief centre,2019 & 2021 Kolhapur floods,Maharashtra SDMA 2019
Maharashtra,Kolhapur,Shirol Flood Camp (Krishna river),Flood,"Shirol Town, Near Krishna River, Shirol, Kolhapur – 416103",16.7312,74.6267,2000,1600,Govt school cluster,2019 Kolhapur floods,DREF 2019; NDMA
Maharashtra,Kolhapur,Hatkanangale Flood Camp,Flood,"Hatkanangale Tahsil Office, Hatkanangale, Kolhapur – 416109",16.809,74.5355,2000,1600,Govt school,2019 & 2021 floods,Maharashtra SDMA 2019
Maharashtra,Kolhapur,Kagal Relief Camp,Flood,"Kagal Gram Panchayat, Kagal, Kolhapur – 416216",16.5698,74.3173,1500,1200,Govt school,Annual Bhogavati flooding,Maharashtra SDMA
Maharashtra,Sangli,Sangli Krishna Flood Camp,Flood,"Miraj Road, Near Krishna River, Sangli – 416416",16.8524,74.5662,5000,4200,Govt school + indoor stadium,"2019 & 2021 floods (2.06L evacuated from Sangli alone, Wikipedia 2021 MH)",Wikipedia 2021 MH floods; NDMA; DREF 2019
Maharashtra,Sangli,Miraj Flood Camp,Flood,"Miraj Municipal Council, Sangli Miraj Road – 416410",16.8257,74.6499,3000,2500,Municipal school + community hall,2019 & 2021 floods,Maharashtra SDMA 2019; Naam Foundation
Maharashtra,Sangli,Islampur Flood Camp,Flood,"Islampur Municipal Council, Islampur, Sangli – 415409",17.0601,74.3308,2000,1600,Govt school cluster,2019 & 2021 floods,NDMA / Maharashtra SDMA
Maharashtra,Sangli,Tasgaon Flood Camp,Flood,"Tasgaon Municipal Council, Main Road, Tasgaon – 416312",17.0394,74.6044,1500,1200,Govt school,2019 & 2021 floods,Maharashtra SDMA
Maharashtra,Sangli,Walwa Block Flood Camp,Flood,"Walwa Tahsil Office, Walwa, Sangli – 416313",16.9735,74.8012,1500,1200,Govt school,Annual Krishna flooding,Maharashtra SDMA
Maharashtra,Satara,Karad Flood Camp (Krishna-Koyna),Flood / Landslide,"Karad Municipal Council, Station Road, Karad, Satara – 415110",17.2925,74.1849,3000,2500,Govt school cluster,2021 MH floods Jul,Wikipedia 2021; NDMA MH 2021
Maharashtra,Satara,Patan Flood Camp (Koyna),Flood / Landslide,"Patan Bus Stand, Patan, Satara – 415206",17.3771,73.8608,2000,1600,Govt school + panchayat,2021 floods; Taliye village landslide,Wikipedia 2021 MH; NDMA
Maharashtra,Satara,Wai Flood Camp,Flood,"Wai Nagar Panchayat, Wai, Satara – 412803",17.9546,73.8981,2000,1600,Govt school,2021 floods; Krishna catchment,Maharashtra SDMA 2021
Maharashtra,Satara,Mahabaleshwar Relief Camp,Landslide,"Mahabaleshwar Municipal Council, Main Road – 412806",17.9239,73.6582,1500,1200,Govt building + resort converted,Annual landslide,Maharashtra SDMA; NDMA
Maharashtra,Pune,Khadakwasla Dam Downstream Camp,Flood,"Kothrud Municipal Ward Office, FC Road, Pune – 411038",18.4996,73.8275,8000,6500,Govt school cluster,2022 Pune Mula-Mutha floods,FloodList 2022; Media 2022
Maharashtra,Pune,Hadapsar Flood Camp,Flood,"Pune Municipal Corp Ward Office, Hadapsar, Pune – 411028",18.5006,73.9342,3000,2500,Municipal school,2022 Pune floods; annual,FloodList Aug 2022; Maharashtra SDMA
Maharashtra,Pune,Malin Village Landslide Camp,Landslide,"Malin Village, Ambegaon Taluka, Pune – 410503",19.1578,73.7083,500,300,Tented camp + panchayat school,2014 Malin landslide Jul,DNA India Jul 2014; NDMA 2014
Maharashtra,Pune,Bhor Flood Camp,Flood,"Bhor Municipal Council, Bhor, Pune – 412206",18.1583,73.8455,2000,1600,Govt school,2021 & 2022 flooding,Maharashtra SDMA
Maharashtra,Pune,Indapur Flood Camp,Flood,"Indapur Municipal Council, Indapur, Pune – 413106",18.1158,75.0297,2000,1600,Govt school,Annual Bhima flooding,Maharashtra SDMA
Maharashtra,Nashik,Nashik Godavari Flood Camp,Flood,"Nashik Municipal Corporation, Rajiv Gandhi Bhavan, Nashik – 422001",19.9975,73.7898,4000,3200,Municipal school cluster,Annual Godavari flooding,Maharashtra SDMA / CWC
Maharashtra,Nashik,Nandgaon Flood Camp,Flood,"Nandgaon Municipal Council, Nandgaon, Nashik – 423106",20.3259,74.6646,2000,1600,Govt school,Annual Girna flooding,Maharashtra SDMA
Maharashtra,Nashik,Igatpuri Flood Camp,Flood,"Igatpuri Municipality Office, Igatpuri, Nashik – 422403",19.7081,73.56,2000,1600,Govt school + Panchayat,Annual extreme rainfall zone,Maharashtra SDMA; IMD Nashik
Maharashtra,Ahmednagar,Ahmednagar Pravara Flood Camp,Flood,"Ahmednagar Zila Parishad, Station Road, Ahmednagar – 414001",19.0952,74.7496,3000,2500,Govt school cluster,Annual Godavari tributary floods,Maharashtra SDMA
Maharashtra,Ahmednagar,Sangamner Flood Camp,Flood,"Sangamner Municipal Council, Sangamner – 422605",19.5728,74.2097,2000,1600,Govt school,Annual flooding,Maharashtra SDMA
Maharashtra,Ahmednagar,Shrirampur Flood Camp,Flood,"Shrirampur Municipal Council, Shrirampur – 413709",19.6233,74.6522,1500,1200,Govt school,Annual Godavari tributary,Maharashtra SDMA
Maharashtra,Dhule,Dhule Panzara Flood Camp,Flood,"Dhule Municipal Corporation, Old Agra Road, Dhule – 424001",20.9042,74.7749,3000,2500,Municipal school cluster,2024 Dhule floods Aug,Maharashtra SDMA; Media 2024
Maharashtra,Dhule,Sakri Flood Camp,Flood,"Sakri Municipal Council, Sakri, Dhule – 425414",20.9931,74.3363,1500,1200,Govt school,Annual Tapi basin flooding,Maharashtra SDMA
Maharashtra,Nandurbar,Nandurbar Tribal Flood Camp,Flood,"Nandurbar Municipal Council, Nandurbar – 425412",21.3667,74.2374,2000,1600,Govt school + tribal building,Annual Tapi flooding; 2024,Maharashtra SDMA 2024
Maharashtra,Nandurbar,Shahada Flood Camp,Flood,"Shahada Municipal Council, Shahada, Nandurbar – 425409",21.55,74.4667,2000,1600,Govt school + panchayat,Annual flooding,Maharashtra SDMA
Maharashtra,Jalgaon,Jalgaon Tapi Flood Camp,Flood,"Jalgaon Municipal Corporation, Ring Road, Jalgaon – 425001",21.0077,75.5626,4000,3200,Municipal school cluster,Annual Tapi flooding; 2024,Maharashtra SDMA; CWC
Maharashtra,Jalgaon,Bhusawal Flood Camp,Flood,"Bhusawal Municipal Council, Station Road, Bhusawal – 425201",21.0492,75.7861,2000,1600,Govt school,Annual Tapi flooding,Maharashtra SDMA
Maharashtra,Jalgaon,Chopda Flood Camp,Flood,"Chopda Municipal Council, Chopda, Jalgaon – 425107",21.2558,75.6013,1500,1200,Govt school,Annual flooding,Maharashtra SDMA
Maharashtra,Aurangabad (Chhatrapati Sambhajinagar),Aurangabad Flood Relief Camp,Flood,Aurangabad/Sambhajinagar Municipal Corp – 431001,19.8762,75.3433,3000,2500,Municipal school cluster,Annual Godavari tributary / Kham flooding,Maharashtra SDMA
Maharashtra,Jalna,Jalna Purna Flood Camp,Flood,"Jalna Municipal Council, Station Road, Jalna – 431203",19.8347,75.8816,2000,1600,Govt school cluster,Annual Purna flooding,Maharashtra SDMA
Maharashtra,Parbhani,Parbhani Purna Flood Camp,Flood,"Parbhani Municipal Council, Adalat Road, Parbhani – 431401",19.2728,76.7762,2000,1600,Govt school cluster,Annual Purna flooding,Maharashtra SDMA
Maharashtra,Hingoli,Hingoli Purna Flood Camp,Flood,"Hingoli Municipal Council, Hingoli – 431513",19.7184,77.1497,1500,1200,Govt school,Annual flooding,Maharashtra SDMA
Maharashtra,Nanded,Nanded Godavari Flood Camp,Flood,"Nanded Municipal Corp, Aurangabad Road, Nanded – 431601",19.1383,77.321,3000,2500,Municipal school + stadium,Annual Godavari flooding,Maharashtra SDMA / CWC
Maharashtra,Latur,Latur Earthquake + Flood Camp,Earthquake / Flood,"Latur Municipal Corporation, Udgir Road, Latur – 413512",18.4088,76.5604,3000,2500,Govt school cluster,1993 earthquake aftermath; annual,NDMA 1993; Maharashtra SDMA
Maharashtra,Osmanabad,Osmanabad Terna Flood Camp,Flood,"Osmanabad Municipal Council, Osmanabad – 413501",18.1807,76.0412,2000,1600,Govt school cluster,Annual Terna flooding,Maharashtra SDMA
Maharashtra,Beed,Beed Manjra Flood Camp,Flood,"Beed Municipal Council, Station Road, Beed – 431122",18.989,75.7601,2000,1600,Govt school cluster,Annual Manjra flooding,Maharashtra SDMA
Maharashtra,Solapur,Solapur Bhima River Camp,Flood,"Solapur Municipal Corporation, Saat Rasta, Solapur – 413001",17.6805,75.9064,3000,2500,Municipal school cluster,Annual Bhima-Krishna flooding,Maharashtra SDMA / CWC
Maharashtra,Solapur,Pandharpur Flood Camp (Bhima),Flood,"Pandharpur Municipal Council, Bhima Ghat, Pandharpur – 413304",17.6898,75.3295,3000,2500,Govt school + dharamshala,Annual Bhima flood; 2022 peak,Maharashtra SDMA; CWC
Maharashtra,Solapur,Barshi Flood Camp,Flood,"Barshi Municipal Council, Barshi, Solapur – 413401",18.234,75.6967,2000,1600,Govt school,Annual,Maharashtra SDMA
Maharashtra,Nagpur,Nagpur Wardha River Flood Camp,Flood,"Nagpur Municipal Corporation, Civil Lines, Nagpur – 440001",21.1458,79.0882,5000,4000,Municipal school cluster,2024 Vidarbha floods Aug,NDMA Aug 2024; FloodList 2024
Maharashtra,Nagpur,Kamptee Flood Camp,Flood,"Kamptee Municipal Council, Kamptee, Nagpur – 441001",21.2118,79.2003,2000,1600,Govt school,Annual monsoon flooding,Maharashtra SDMA
Maharashtra,Amravati,Amravati Flood Relief Camp,Flood,"Amravati Municipal Corporation, Rajkamal Chowk, Amravati – 444601",20.9333,77.75,3000,2500,Govt school cluster,2024 Vidarbha floods,NDMA 2024
Maharashtra,Amravati,Achalpur Flood Camp,Flood,"Achalpur Municipal Council, Achalpur, Amravati – 444806",21.2692,77.5107,1500,1200,Govt school,Annual flooding,Maharashtra SDMA
Maharashtra,Yavatmal,Yavatmal Wardha Flood Camp,Flood,"Yavatmal Municipal Council, Market Road, Yavatmal – 445001",20.3888,78.1204,2000,1600,Govt school cluster,Annual Wardha flooding,Maharashtra SDMA
Maharashtra,Wardha,Wardha River Flood Camp,Flood,"Wardha Municipal Council, Main Road, Wardha – 442001",20.7453,78.5998,2000,1600,Govt school cluster,Annual flooding,Maharashtra SDMA / CWC
Maharashtra,Chandrapur,Chandrapur Wardha Flood Camp,Flood,"Chandrapur Municipal Corporation, Chandrapur – 442401",19.9615,79.2961,3000,2500,Govt school cluster,Annual Wardha flooding; coal belt,Maharashtra SDMA
Maharashtra,Gadchiroli,Gadchiroli Wainganga Flood Camp,Flood,"Gadchiroli Municipal Council, Gadchiroli – 442605",20.1808,80.0002,2000,1600,Govt school + tribal building,Annual Wainganga flooding,Maharashtra SDMA / CWC
Maharashtra,Akola,Akola Morna Flood Camp,Flood,"Akola Municipal Corporation, Town Hall Road, Akola – 444001",20.7096,77.0013,2000,1600,Municipal school cluster,Annual flooding,Maharashtra SDMA
Maharashtra,Washim,Washim Penganga Flood Camp,Flood,"Washim Municipal Council, Washim – 444505",20.1006,77.0032,1500,1200,Govt school,Annual flooding,Maharashtra SDMA
Maharashtra,Buldhana,Buldhana Purna Flood Camp,Flood,"Buldhana Municipal Council, Buldhana – 443001",20.5293,76.1856,2000,1600,Govt school cluster,Annual flooding,Maharashtra SDMA
Maharashtra,Bhandara,Bhandara Wainganga Flood Camp,Flood,"Bhandara Municipal Council, Bhandara – 441904",21.1591,79.65,2000,1600,Govt school cluster,Annual flooding,Maharashtra SDMA
Maharashtra,Gondia,Gondia Bagh River Camp,Flood,"Gondia Municipal Council, Gondia – 441601",21.461,80.196,2000,1500,Govt school,Annual flooding,Maharashtra SDMA
Punjab,Gurdaspur,Gurdaspur District Relief Camps (13–25 camps),Flood,"Deputy Commissioner Office, Civil Lines, Gurdaspur – 143521",32.0392,75.1341,8000,5549,Govt school cluster – 25 camp locations,2025 Punjab Floods Aug-Sep,"Prokerala/Statesman Aug 31 2025: 25 camps in Gurdaspur; 5,456 rescued; 324 villages hit"
Punjab,Gurdaspur,Navodaya School Rescue Camp Gurdaspur,Flood,"Jawahar Navodaya Vidyalaya, Madhopur Road, Gurdaspur – 143521",32.02,75.14,500,400,School camp – children stranded,2025 Punjab Floods Aug,Khalsa Aid Aug 2025 (500 children rescued from Navodaya School + girls hostel)
Punjab,Gurdaspur,Dinanagar Sub-Camp Gurdaspur,Flood,"Dinanagar Municipal Council, GT Road, Dinanagar – 143531",32.1305,75.4627,1000,800,Govt school cluster,2025 Punjab Floods,Wikipedia 2025 Punjab floods; Babushahi Sep 2025
Punjab,Gurdaspur,Dera Baba Nanak Relief Camp,Flood,"Dera Baba Nanak Bus Stand, Gurdaspur – 143604",32.0253,74.9181,800,600,Gurudwara + school,2025 Punjab Floods,Wikipedia 2025 Punjab floods; Kalgidhar Trust Sep 2025
Punjab,Gurdaspur,Batala Flood Relief Camp,Flood,"Batala Municipal Council, GT Road, Batala – 143505",31.8162,75.2017,1000,800,Municipal school cluster,2025 Punjab Floods,Wikipedia 2025; Punjab Revenue Minister Sep 1 2025
Punjab,Amritsar,Amritsar District Relief Camps (16 camps),Flood,"DC Office Complex, Mall Road, Amritsar – 143001",31.634,74.8723,4000,1700,Govt school cluster – 16 camp locations,2025 Punjab Floods Aug-Sep,"Prokerala Aug 31 2025: 16 camps, 1,700 rescued; 93 villages hit"
Punjab,Amritsar,Ramdas Amritsar Relief Camp,Flood,"Ramdas Government High School, Ramdas, Amritsar – 143102",31.845,74.8736,1000,800,Govt school + Gurudwara,2025 Punjab Floods,Wikipedia 2025 (amphibious vehicles deployed Ramdas)
Punjab,Amritsar,Ajnala Sub-Camp Amritsar,Flood,"Ajnala Municipal Council, Ajnala, Amritsar – 143107",31.8512,74.6218,1000,800,Govt school,2025 Punjab Floods,Wikipedia 2025 Punjab floods
Punjab,Amritsar,Tarn Taran Relief Camp (Sutlej),Flood,"Tarn Taran DC Office, GT Road, Tarn Taran – 143401",31.4509,74.9279,1000,800,Govt school cluster,2025 Punjab Floods (45 villages hit Tarn Taran),Wikipedia 2025; Babushahi (45 Tarn Taran villages)
Punjab,Ferozepur,Ferozepur District Relief Camps (8 camps),Flood,"DC Office Complex, Ferozepur City – 152002",30.935,74.615,3000,749,Govt school cluster – 8 camp locations,2025 Punjab Floods Aug-Sep,"Babushahi Sep 2025: 8 camps, 749 sheltered; 3,265 rescued; 107 villages"
Punjab,Ferozepur,Rudnewala Village Relief Post,Flood,"Rudnewala Village Panchayat, Abohar Tehsil, Ferozepur – 152118",30.5614,74.1614,500,400,Village community centre / camp,2025 Punjab Floods (village cut off),Khalsa Aid Aug 2025 (Rudnewala waterlogged and cut off)
Punjab,Ferozepur,Hussainiwala Camp Ferozepur,Flood,"Hussainiwala Head Works, Ferozepur – 152003",30.6949,74.611,800,600,Govt + BSF facility,2025 Punjab Floods (BSF deployed Ferozepur),Wikipedia 2025 Punjab floods
Punjab,Fazilka,Fazilka District Relief Camps (23 camps),Flood,"DC Office, Fazilka City – 152123",30.3784,74.027,4000,2339,Govt school cluster – 23 camp locations,2025 Punjab Floods Aug-Sep (worst-hit list Sewa Canada),"Babushahi Sep 2025: 23 camps, 2,339 sheltered; 77 Fazilka + 92 Fazilka villages; Sewa Canada"
Punjab,Fazilka,Abohar De-watering Flood Camp,Flood,"Abohar Municipal Council, Circular Road, Abohar, Fazilka – 152116",30.1445,74.1947,2000,1599,Govt school + community hall,2025 Punjab Floods Aug (Khalsa Aid dewat 1000+ acres),Khalsa Aid Aug 2025 Abohar operations
Punjab,Pathankot,Pathankot District Relief Camps (14 camps),Flood,"DC Office, Dalhousie Road, Pathankot – 145001",32.2745,75.6522,2000,581,Govt school + Army liaison – 14 locations,2025 Punjab Floods (highest toll 6 deaths),"Babushahi Sep 2025: 14 camps, 581 sheltered; 81 villages; 1,139 rescued"
Punjab,Pathankot,Chakki River Flood Camp Pathankot,Flood,"Chakki Bridge, Chakki River, Pathankot – 145001",32.28,75.64,1000,800,Govt school,2025 Punjab Floods (Chakki River inundation),Wikipedia 2025 Punjab floods
Punjab,Kapurthala,Kapurthala District Relief Camps (4 camps),Flood,"DC Office, Sultani Road, Kapurthala – 144601",31.372,75.38,2000,57,Govt school cluster – 4 camp locations,2025 Punjab Floods (16 villages severely hit – Beas breach),"Babushahi Sep 2025: 4 camps, 362 rescued; Khalsa Aid: 16 villages affected"
Punjab,Kapurthala,Baupur-Sangra Flood Camp,Flood,"Baupur Village, Beas River Embankment, Kapurthala – 144601",31.4012,75.439,800,600,Govt + Gurudwara,2025 Punjab Floods Aug (Khalsa Aid first responders in Baupur cluster),Khalsa Aid Aug 2025 Kapurthala operations
Punjab,Hoshiarpur,Hoshiarpur District Relief Camps (20 camps),Flood,"DC Complex, Model Town, Hoshiarpur – 146001",31.5341,75.9108,3000,1041,Govt school cluster – 20 camp locations,2025 Punjab Floods Aug-Sep (3 deaths in Hoshiarpur),"Babushahi: 20 camps, 1,041 sheltered; 86 villages; 1,052 rescued"
Punjab,Hoshiarpur,Mukerian Relief Camp Hoshiarpur,Flood,"Mukerian Sub-Division, Hoshiarpur – 144211",31.7505,75.6736,1000,800,Govt school + panchayat,2025 Punjab Floods,Wikipedia 2025; Tribune India Sep 2025
Punjab,Jalandhar,Jalandhar District Relief Camps (18 camps),Flood,"DC Complex, Civil Lines, Jalandhar – 144001",31.326,75.5762,3000,511,Govt school cluster – 18 camp locations,2025 Punjab Floods,"Babushahi Sep 2025: 18 camps, 511 sheltered; 55 villages"
Punjab,Rupnagar,Rupnagar District Relief Camps (4 camps),Flood,"DC Office, Rupnagar (Ropar) – 140001",30.9742,76.5186,1500,245,Govt school – 4 camp locations,2025 Punjab Floods (2 deaths),"Babushahi Sep 2025: 4 camps, 245 sheltered; 44 Rupnagar villages"
Punjab,Moga,Moga District Relief Camps (2 camps),Flood,"DC Office, Moga – 142001",30.8148,75.1742,1000,145,Govt school – 2 camp locations,2025 Punjab Floods,"Babushahi: 2 camps, 145 sheltered; 35 Moga villages"
Punjab,Mansa,Mansa District Relief Camps (2 camps),Flood,"DC Office, Mansa – 151505",30.0009,75.3857,1000,89,Govt school – 2 camp locations,2025 Punjab Floods (3 deaths Mansa),"Babushahi: 2 camps, 89 sheltered; 77 Mansa villages"
Punjab,Sangrur,Sangrur Relief Camp (Ghaggar),Flood,"DC Office, Sangrur – 148001",30.2448,75.8459,1000,75,Govt school,2025 Punjab Floods (1 death Sangrur),"Babushahi: 1 camp, 75 sheltered; 22 Sangrur villages"
Punjab,Barnala,Barnala District Relief Camps (36 camps),Flood,"DC Complex, Barnala – 148101",30.3718,75.5488,3000,539,Govt school cluster – 36 camp locations (highest number in state),2025 Punjab Floods (5 deaths Barnala; submerged farmland),"Babushahi Sep 2025: 36 camps, 539 sheltered; 121 villages"
Punjab,Patiala,Patiala District Relief Camps (27 camps),Flood,"DC Complex, Patiala – 147001",30.3398,76.3869,3000,500,Govt school cluster – 27 camp locations,2025 Punjab Floods (1 death Patiala),Babushahi Sep 2025: 27 camps Patiala; 85 villages
Punjab,Ludhiana,Ludhiana Sutlej + Health Camp,Flood,"DC Office, Ferozepur Road, Ludhiana – 141001",30.901,75.8573,5000,4000,Municipal school + 75 health camps,2025 Punjab Floods (4 deaths; 75 health camps Sep 10-20),Tribune India Sep 10 2025; Babushahi: 26 Ludhiana villages
Punjab,SAS Nagar (Mohali),SAS Nagar Flood Relief Camp,Flood,"DC Office, Phase 7, SAS Nagar (Mohali) – 160062",30.7046,76.7179,3000,2000,Govt school cluster,"2025 Punjab Floods (13,000 affected SAS Nagar)",Babushahi; Prokerala; Wikipedia 2025 Punjab floods
Punjab,Sri Muktsar Sahib,Sri Muktsar Sahib Relief Camp,Flood,"DC Office, Sri Muktsar Sahib – 152026",30.4742,74.5163,1500,1000,Govt school,2025 Punjab Floods (Sewa Canada worst-hit list; 74 villages),Sewa Canada Sep 2025; Babushahi 74 villages Sri Muktsar
Punjab,SBS Nagar,SBS Nagar (Nawanshahr) Relief Camp,Flood,"DC Office, SBS Nagar (Nawanshahr) – 144514",31.1239,76.1172,1000,600,Govt school + panchayat,2025 Punjab Floods (3 SBS Nagar villages),Babushahi Sep 2025
Punjab,Bathinda,Bathinda Flood Relief Camp,Flood,"DC Complex, Bathinda – 151001",30.211,74.9456,1500,1000,Govt school,2025 Punjab Floods (4 deaths Bathinda; 21 villages),Babushahi; Wikipedia 2025 Punjab floods
Punjab,Fatehgarh Sahib,Fatehgarh Sahib Relief Camp,Flood,"DC Office, Fatehgarh Sahib – 140406",30.6479,76.3929,1000,600,Govt school,2025 Punjab Floods (1 Fatehgarh Sahib village flooded),Babushahi Sep 2025
Punjab,Malerkotla,Malerkotla Flood Relief Camp,Flood,"DC Office, Malerkotla – 148023",30.5329,75.8727,800,500,Govt school,2025 Punjab Floods (4 Malerkotla villages),Babushahi Sep 2025
Punjab,Faridkot,Faridkot Flood Relief Camp,Flood,"DC Office, Faridkot – 151203",30.665,74.7572,1000,600,Govt school,2025 Punjab Floods (15 Faridkot villages),Babushahi Sep 2025
Odisha,Kendrapara,Kolidiha Ekmania MCS – Rajnagar Block,Cyclone / Flood,"Kolidiha, Ekmania GP, Rajnagar Block, Kendrapara – 754220",20.6167,86.8,500,400,NCRMP MCS (permanent),NCRMP / PMNRF,OSDMA 117 MCS Kendrapara PDF (partial list from search snippet – first named entry)
Odisha,Kendrapara,Khasmunda MCS – Rajnagar Block,Cyclone / Flood,"Khasmunda Village, Rajnagar Block, Kendrapara – 754220",20.5833,86.8167,500,400,NCRMP MCS (permanent – PMNRF),NCRMP / PMNRF,OSDMA PMNRF FAQ (Khasmunda site accepted tender Dec 2008)
Odisha,Kendrapara,Keruapal MCS – Rajnagar Block,Cyclone / Flood,"Keruapal Village, Rajnagar Block, Kendrapara – 754220",20.57,86.79,500,400,NCRMP MCS (permanent – PMNRF),NCRMP / PMNRF,OSDMA PMNRF FAQ (Keruapal tender accepted Dec 2008)
Odisha,Kendrapara,Sourendrapur MCS – Rajnagar Block,Cyclone / Flood,"Sourendrapur Village, Rajnagar Block, Kendrapara – 754220",20.6,86.78,500,400,NCRMP MCS (permanent – PMNRF),NCRMP / PMNRF,OSDMA PMNRF FAQ (Sourendrapur tender accepted Dec 2008)
Odisha,Kendrapara,Bagapatia MCS – Rajnagar Block,Cyclone / Flood,"Bagapatia, Satabhaya GP, Rajnagar Block, Kendrapara – 754225",20.7008,86.7842,500,380,NCRMP MCS (permanent),NCRMP Phase I,OSDMA 117 MCS Kendrapara PDF; Downtoearth Dana 2024
Odisha,Kendrapara,Naindipur High School MFS – Garadpur Block,Cyclone / Flood,"Naindipur, Garadpur Block, Kendrapara – 754153",20.59,86.66,600,480,Multi-Flood Shelter (State Plan),Post-Phailin 2013,OSDMA 117 MCS/MFS Kendrapara PDF
Odisha,Kendrapara,Korua LN College MFS – Korua,Cyclone / Flood,"Korua Village, Kendrapara – 754211",20.52,86.58,500,400,Multi-Flood Shelter (CMRF),Post-Phailin 2013,OSDMA 117 MCS Kendrapara PDF
Odisha,Kendrapara,Bagagahan Bankim Prasad HS MCS,Cyclone / Flood,"Bagagahan, PO K.B. Dandua, Mahakalpara Block, Kendrapara – 754296",20.46,86.73,500,400,MCS (NCRMP),NCRMP Phase I,OSDMA Kendrapara list
Odisha,Kendrapara,Rajnagar Block Cluster – 15 Additional MCS,Cyclone / Flood,"Rajnagar Block HQ, Kendrapara – 754220",20.61,86.81,7500,6000,NCRMP MCS cluster (permanent),NCRMP Phase I & II,OSDMA PMNRF FAQ (23 Kendrapara shelters under PMNRF alone; 117 total Kendrapara)
Odisha,Kendrapara,Mahakalapada Block Cluster – 20 MCS,Cyclone / Flood,"Mahakalapada Block HQ, Kendrapara – 754296",20.47,86.75,10000,8000,NCRMP MCS cluster (permanent),NCRMP,OSDMA PMNRF FAQ (Mahakalapada block – 3 sites re-tendered)
Odisha,Kendrapara,Aul Block MCS Cluster,Cyclone / Flood,"Aul Block HQ, Kendrapara – 754202",20.61,86.54,5000,4000,NCRMP MCS cluster,NCRMP,OSDMA 117 MCS list (Aul is a coastal block of Kendrapara)
Odisha,Kendrapara,Patamundai Block MCS Cluster,Cyclone / Flood,"Patamundai Town, Kendrapara – 754215",20.58,86.56,5000,4000,NCRMP MCS cluster,NCRMP,OSDMA 117 MCS list (Patamundai coastal block)
Odisha,Kendrapara,Derabisi Block MCS Cluster,Cyclone / Flood,"Derabisi Block HQ, Kendrapara – 754002",20.69,86.47,2500,2000,NCRMP MCS cluster,NCRMP,OSDMA 117 MCS list
Odisha,Kendrapara,Garadpur Block MCS Cluster,Cyclone / Flood,"Garadpur Block HQ, Kendrapara – 754153",20.59,86.65,2500,2000,NCRMP MCS cluster,NCRMP,OSDMA 117 MCS list
Odisha,Kendrapara,Kendrapara Sadar Block MCS Cluster,Cyclone / Flood,"Kendrapara Sadar Block, Kendrapara Town – 754211",20.5,86.42,2500,2000,NCRMP MCS cluster,NCRMP,OSDMA 117 MCS list
Odisha,Kendrapara,Marshaghai Block MCS Cluster,Cyclone / Flood,"Marshaghai Block HQ, Kendrapara – 754213",20.46,86.59,2500,2000,NCRMP MCS cluster,NCRMP,OSDMA 117 MCS list
Odisha,Kendrapara,Pattamundai ICZMP MCS – Kendrapara,Cyclone,"Pattamundai Main Road, Kendrapara – 754215",20.58,86.57,500,400,ICZMP MCS (permanent),ICZMP,OSDMA ICZMP (4 MCS in Kendrapara district)
Odisha,Kendrapara,Rajnagar ICZMP MCS,Cyclone,"Rajnagar ICZMP Shelter, Kendrapara – 754220",20.61,86.81,500,400,ICZMP MCS (permanent),ICZMP,OSDMA ICZMP 4 Kendrapara MCS
Odisha,Kendrapara,Mahakalapada ICZMP MCS,Cyclone,"Mahakalapada ICZMP Shelter, Kendrapara – 754296",20.46,86.75,500,400,ICZMP MCS (permanent),ICZMP,OSDMA ICZMP 4 Kendrapara MCS
Odisha,Kendrapara,Aul ICZMP MCS,Cyclone,"Aul ICZMP Shelter, Kendrapara – 754202",20.61,86.54,500,400,ICZMP MCS (permanent),ICZMP,OSDMA ICZMP 4 Kendrapara MCS
Odisha,Balasore,Balasore PMNRF Shelter No.1 (Jaleswar Block),Cyclone / Flood,"Jaleswar Block HQ, Jaleswar, Balasore – 756032",21.65,86.8833,500,400,NCRMP MCS (PMNRF),PMNRF 2006-08,OSDMA PMNRF FAQ (5 Balasore + 14 Bhadrak + 23 Kendrapara under PMNRF)
Odisha,Balasore,Balasore PMNRF Shelter No.2 (Bhogarai Block),Cyclone / Flood,"Bhogarai Block HQ, Bhogarai, Balasore – 756045",21.35,87.02,500,400,NCRMP MCS (PMNRF),PMNRF 2006-08,OSDMA PMNRF FAQ; Bhogarai coastal block
Odisha,Balasore,Balasore PMNRF Shelter No.3 (Baliapal Block),Cyclone / Flood,"Baliapal Block HQ, Baliapal, Balasore – 756026",21.6633,87.3167,500,400,NCRMP MCS (PMNRF),PMNRF 2006-08,OSDMA PMNRF FAQ; Baliapal coastal block
Odisha,Balasore,Balasore PMNRF Shelter No.4 (Basta Block),Cyclone / Flood,"Basta Block HQ, Basta, Balasore – 756029",21.48,87.07,500,400,NCRMP MCS (PMNRF),PMNRF 2006-08,OSDMA PMNRF FAQ
Odisha,Balasore,Balasore PMNRF Shelter No.5 (Remuna Block),Cyclone / Flood,"Remuna Block HQ, Remuna, Balasore – 756019",21.52,86.99,500,400,NCRMP MCS (PMNRF),PMNRF 2006-08,OSDMA PMNRF FAQ
Odisha,Balasore,Soro Block MCS Cluster (NCRMP),Cyclone / Flood,"Soro Block HQ, Soro, Balasore – 756045",21.51,86.72,2500,2000,NCRMP MCS cluster,NCRMP Phase I & II,IIT Kharagpur Cyclone Vulnerability Study 2024 (Soro highest kutcha%); OSDMA NCRMP
Odisha,Balasore,Khaira Block MCS Cluster,Cyclone / Flood,"Khaira Block HQ, Khaira, Balasore – 756043",21.42,86.71,2500,2000,NCRMP MCS cluster,NCRMP,OSDMA NCRMP (Khaira coastal block Balasore)
Odisha,Balasore,Simila Block MCS Cluster,Cyclone / Flood,"Simila Block HQ, Simila, Balasore – 756001",21.56,87.15,1500,1200,NCRMP MCS cluster,NCRMP,IIT vulnerability study; OSDMA NCRMP
Odisha,Balasore,Nilagiri Block MCS Cluster,Cyclone / Flood,"Nilagiri Block HQ, Nilagiri, Balasore – 757041",21.4677,86.778,1500,1200,NCRMP MCS cluster,NCRMP,IIT vulnerability study; OSDMA NCRMP
Odisha,Balasore,Baleshwar Sadar Block MCS,Cyclone / Flood,"Baleshwar Sadar Block, Balasore Town – 756001",21.4938,86.9312,1500,1200,NCRMP MCS,NCRMP,OSDMA NCRMP; IIT vulnerability study
Odisha,Balasore,Bahanaga Block MCS,Cyclone / Flood,"Bahanaga Block HQ, Bahanaga, Balasore – 756060",21.3762,86.9406,700,600,NCRMP MCS,NCRMP / Dana 2024,OSDMA; ETV Bharat Oct 2024 Dana
Odisha,Bhadrak,Bhadrak 14 PMNRF Shelters Cluster (Bhadrak & Basudebpur Blocks),Cyclone / Flood,"Bhadrak Block HQ, Bhadrak – 756100",21.0726,86.5097,7000,5600,NCRMP MCS cluster (14 PMNRF),"PMNRF 2006-08 (14 in Bhadrak, 1st tender)",OSDMA PMNRF FAQ (14 Bhadrak + 5 Balasore first tender)
Odisha,Bhadrak,Tihiri Block MCS Cluster,Cyclone / Flood,"Tihiri Block HQ, Tihiri, Bhadrak – 756113",21.09,86.65,2500,2000,NCRMP MCS cluster,NCRMP,IIT vulnerability study (Tihiri highly vulnerable); OSDMA NCRMP
Odisha,Bhadrak,Dhamnagar Block MCS Cluster,Cyclone / Flood,"Dhamnagar Block HQ, Dhamnagar, Bhadrak – 756116",21.17,86.59,2500,2000,NCRMP MCS cluster,NCRMP,IIT vulnerability study; OSDMA
Odisha,Bhadrak,Chandabali Block MCS (Bhadrak),Cyclone / Flood,"Chandabali Block, Near Dhamra Port, Bhadrak – 756135",20.803,86.77,2000,1600,NCRMP MCS,NCRMP / Cyclone Dana 2024,Odisha magazine Jan 2016; OSDMA NCRMP
Odisha,Bhadrak,Dhamra Panchayat Cyclone Shelter,Cyclone,"Dhamra Panchayat Office, Dhamra, Bhadrak – 756171",20.78,86.8,400,350,Panchayat building,2024 Cyclone Dana,OSDMA/Media Oct 2024
Odisha,Bhadrak,Red Cross Shelter Sunamuhin Bhadrak,Cyclone,"Red Cross Building, Sunamuhin, Bhadrak – 756100",21.07,86.43,700,580,Red Cross Shelter,2024 Cyclone Dana,Prameyanews Oct 24 2024
Odisha,Bhadrak,KC High School Chudamani Bhadrak,Cyclone,"K C High School, Chudamani, Bhadrak – 756101",21.12,86.51,900,720,Govt School (designated),2024 Cyclone Dana,Prameyanews Oct 24 2024
Odisha,Jagatsinghpur,Erasama Block MCS Cluster,Cyclone / Flood,"Erasama Block HQ, Erasama, Jagatsinghpur – 754139",20.18,86.29,2500,2000,NCRMP MCS cluster (permanent),NCRMP Phase I,OSDMA NCRMP; 1999 super cyclone most affected block
Odisha,Jagatsinghpur,Tirtol Block MCS Cluster,Cyclone / Flood,"Tirtol Block HQ, Tirtol, Jagatsinghpur – 754137",20.3,86.33,2500,2000,NCRMP MCS cluster,NCRMP,IIT vulnerability study; OSDMA
Odisha,Jagatsinghpur,Kujanga Block MCS Cluster,Cyclone / Flood,"Kujanga Block HQ, Paradip Area, Jagatsinghpur – 754141",20.25,86.67,2500,2000,NCRMP MCS cluster,NCRMP,OSDMA NCRMP; Paradip coastal
Odisha,Jagatsinghpur,Raghunathpur Block MCS Cluster,Cyclone / Flood,"Raghunathpur Block HQ, Jagatsinghpur – 754103",20.27,86.37,2000,1600,NCRMP MCS cluster,NCRMP,"IIT vulnerability study (dense pop, high risk); OSDMA"
Odisha,Jagatsinghpur,Paradip Relief Camp (Port Authority),Cyclone,"Paradip Port Area, Jagatsinghpur – 754142",20.3163,86.6116,1200,950,Port authority + school,2024 Cyclone Dana / Fani 2019,OSDMA; Paradip Port Trust
Odisha,Puri,Brahmagiri ICZMP MCS – Puri,Cyclone,"Brahmagiri ICZMP Cyclone Shelter, Brahmagiri, Puri – 752091",19.87,85.4,500,400,ICZMP MCS (permanent),ICZMP,OSDMA ICZMP 8 MCS Puri
Odisha,Puri,Astaranga ICZMP MCS – Puri,Cyclone,"Astaranga Block HQ, Astaranga, Puri – 752094",19.78,85.52,500,400,ICZMP MCS (permanent),ICZMP,OSDMA ICZMP Puri
Odisha,Puri,Kakatpur ICZMP MCS – Puri,Cyclone,"Kakatpur Block HQ, Kakatpur, Puri – 752108",19.95,85.85,500,400,ICZMP MCS (permanent),ICZMP,OSDMA ICZMP 8 Puri MCS; IIT study (Kakatpur high risk)
Odisha,Puri,Puri Sadar ICZMP MCS No.1,Cyclone,"Puri Sadar Block HQ (No.1), Grand Road, Puri – 752001",19.8106,85.8315,500,400,ICZMP MCS (permanent),ICZMP,OSDMA ICZMP Puri
Odisha,Puri,Puri Sadar ICZMP MCS No.2,Cyclone,"Puri Sadar Block (No.2), Marine Drive, Puri – 752001",19.78,85.82,500,400,ICZMP MCS (permanent),ICZMP,OSDMA ICZMP Puri
Odisha,Puri,Satyabadi ICZMP MCS – Puri,Cyclone,"Satyabadi Block HQ, Chilika lakeside, Puri – 752060",19.75,85.29,500,400,ICZMP MCS (permanent),ICZMP,IIT study (Satyabadi high risk); OSDMA ICZMP
Odisha,Puri,Kanas ICZMP MCS – Puri,Cyclone,"Kanas Block HQ, Kanas, Puri – 752016",20.16,85.69,500,400,ICZMP MCS (permanent),ICZMP,IIT study; OSDMA ICZMP
Odisha,Puri,Konark ICZMP MCS – Puri,Cyclone,"Konark Block HQ, Konark, Puri – 752111",19.8981,86.1154,500,400,ICZMP MCS (permanent),ICZMP,OSDMA ICZMP 8 Puri MCS
Odisha,Puri,Puri Town Beach Evacuation Camp,Cyclone,"Sea Beach Road, Near Swargadwar, Puri Town – 752001",19.8107,85.8315,2000,1600,Govt + Tents,2024 Cyclone Dana; 2019 Fani,ANI/OSDMA Dana Oct 2024
Odisha,Puri,Konark Govt HS Shelter,Cyclone,"Konark Government High School, Konark, Puri – 752111",19.8981,86.1154,700,560,Government School,2024 Cyclone Dana,OSDMA report Dana
Odisha,Ganjam,Chatrapur NCRMP MCS Cluster,Cyclone / Flood,"Chatrapur Block HQ, Chatrapur, Ganjam – 761020",19.36,84.8,5000,4000,NCRMP MCS cluster,NCRMP Phase I,"IIT vulnerability study (Ganjam: Purusottampur, Chatrapur, Rangelunda, Chitiki, Kabisuryanagar, Khalikot vulnerable); OSDMA NCRMP"
Odisha,Ganjam,Gopalpur NCRMP + ICZMP MCS,Cyclone / Flood,"Gopalpur Sea Beach, Gopalpur-on-sea, Ganjam – 761002",19.27,84.87,800,650,NCRMP + ICZMP MCS (permanent),Multiple cyclones incl Phailin 2013,OSDMA NCRMP; ICZMP (2 Ganjam MCS)
Odisha,Ganjam,Beguniapada ICZMP MCS – Ganjam,Cyclone,"Beguniapada Block HQ, Beguniapada, Ganjam – 761052",19.46,84.54,500,400,ICZMP MCS (permanent),ICZMP,OSDMA ICZMP 2 Ganjam MCS
Odisha,Ganjam,Purusottampur Block MCS Cluster,Cyclone / Flood,"Purusottampur Block HQ, Ganjam – 761011",19.53,85.07,2500,2000,NCRMP MCS cluster,NCRMP,IIT vulnerability study (highly vulnerable); OSDMA
Odisha,Ganjam,Khalikot Block MCS Cluster,Cyclone / Flood,"Khalikot Block HQ, Ganjam – 761029",19.65,85.05,2500,2000,NCRMP MCS cluster,NCRMP,IIT vulnerability study; OSDMA
Odisha,Ganjam,Kabisuryanagar Block MCS Cluster,Cyclone / Flood,"Kabisuryanagar Block HQ, Kabisuryanagar, Ganjam – 761100",19.89,84.72,2000,1600,NCRMP MCS cluster,NCRMP,IIT vulnerability study; OSDMA
Odisha,Ganjam,Rangelunda Block MCS Cluster,Cyclone / Flood,"Rangelunda Block HQ, Ganjam – 760001",19.79,84.63,2000,1600,NCRMP MCS cluster,NCRMP,IIT vulnerability study; OSDMA
Odisha,Ganjam,Digapahandi Block MCS Cluster,Cyclone / Flood,"Digapahandi Block HQ, Digapahandi, Ganjam – 761022",19.34,84.7,2000,1600,NCRMP MCS cluster,NCRMP,Odisha Annual Report 2011; pilot block for land rights
Odisha,Ganjam,Berhampur Ganjam Town Relief Camp,Cyclone / Flood,"Berhampur Main Road, Berhampur, Ganjam – 760001",19.315,84.7941,3000,2500,Govt school cluster,Multiple cyclones annual,Maharashtra SDMA; OSDMA Ganjam
Odisha,Ganjam,Prayagi Ramagada MCS – Ganjam,Cyclone,"Prayagi Ramagada MCS, Ganjam – 761017",19.41,84.97,500,400,NCRMP MCS (permanent),NCRMP,Daily Pioneer May 2022 (APSDMA study visit)
Odisha,Kalahandi,Bhawanipatna MFS No.1,Flood,"Bhawanipatna Town MFS No.1, Bhawanipatna, Kalahandi – 766001",19.9154,83.0177,500,400,Multi-Flood Shelter (State Plan),Annual,Kalahandi.odisha.gov.in DM page (4 MFS)
Odisha,Kalahandi,Bhawanipatna MFS No.2,Flood,"Bhawanipatna Town MFS No.2, Bhawanipatna, Kalahandi – 766001",19.9154,83.0177,500,400,Multi-Flood Shelter,Annual,Kalahandi.odisha.gov.in DM page
Odisha,Kalahandi,Kalahandi MFS No.3,Flood,"Kalahandi MFS No.3, Near Bhawanipatna – 766001",19.87,83.1,500,400,Multi-Flood Shelter,Annual,Kalahandi.odisha.gov.in DM page
Odisha,Kalahandi,Kalahandi MFS No.4,Flood,"Kalahandi MFS No.4, Near Bhawanipatna – 766001",19.87,83.09,500,400,Multi-Flood Shelter,Annual,Kalahandi.odisha.gov.in DM page
Odisha,Mayurbhanj,Baripada Town School Shelter,Cyclone / Flood,"Baripada Town, NH-49, Baripada, Mayurbhanj – 757001",21.9326,86.7279,1000,800,Govt school cluster,2024 Cyclone Dana,ETV Bharat Oct 2024
Odisha,Cuttack,Cuttack Mahanadi Flood Camp,Flood,"Cuttack Municipal Corp, College Square, Cuttack – 753001",20.4625,85.883,3000,2500,Govt school + stadium,Annual Mahanadi flooding,Odisha SRC Annual Report 2021
Odisha,Khordha,Bhubaneswar Urban Flood Camp,Flood,"BMC Office, Janpath, Bhubaneswar, Khordha – 751001",20.2961,85.8189,3000,2500,Govt school + evacuation centres,Annual; Cyclone Fani 2019 skirted,OSDMA; SRC Odisha 2019
Kerala,Wayanad,Meppadi Govt Higher Secondary School,Landslide,"Meppadi Government Higher Secondary School, Meppadi, Vythiri, Wayanad – 673577",11.5211,76.1048,800,650,Government School,2024 Wayanad Landslide,ReliefWeb SitRep 2 & 3 Jul-Aug 2024
Kerala,Wayanad,St Sebastian's Church Hall Chooralmala,Landslide,"St Sebastian's Church Hall, Chooralmala, Meppadi, Wayanad – 673577",11.529,76.082,300,280,Church Hall,2024 Wayanad Landslide,ReliefWeb Local SitRep 010-2024
Kerala,Wayanad,Elavayal Anganwadi Centre,Landslide,"Elavayal Anganwadi Centre, Elavayal, Vythiri, Wayanad – 673577",11.506,76.078,150,120,Anganwadi,2024 Wayanad Landslide,ReliefWeb SitRep 010-2024
Kerala,Wayanad,Chooralmala Cluster of 9 Camps,Landslide,"Chooralmala Relief Camp Zone (9 camps), Vythiri Taluk, Wayanad – 673577",11.529,76.082,2000,1822,Multi-camp cluster,2024 Wayanad Landslide,"ReliefWeb Sitrep 3 Jul 31 2024 (9 camps, 1822 persons)"
Kerala,Wayanad,Mundakkai Panchayat Hall Shelter,Landslide,"Mundakkai Panchayat Hall, Mundakkai, Wayanad – 673577",11.543,76.063,200,165,Panchayat Hall,2024 Wayanad Landslide,ReliefWeb Sitrep 4 Aug 2024
Kerala,Wayanad,Kalpetta Govt Medical College Camp,Landslide,"Government Medical College Campus, Kalpetta, Wayanad – 673121",11.6049,76.082,500,350,Hospital-linked camp,2024 Wayanad Landslide,PUCL Report 2024
Kerala,Wayanad,Kottathara LP School Camp,Landslide,"Kottathara Government LP School, Kottathara, Vythiri – 673577",11.54,76.07,250,210,Government School,2024 Wayanad Landslide,ReliefWeb Sitrep 5 Aug 2024
Kerala,Wayanad,Noolpuzha Community Hall Camp,Landslide,"Noolpuzha Community Hall, Noolpuzha, Sulthan Bathery – 673592",11.619,76.23,300,240,Panchayat Hall,2024 Wayanad Landslide,Wikipedia 2024 Wayanad Landslides
Kerala,Wayanad,Vellarimala Govt LP School Camp,Landslide,"Vellarimala Government LP School, Vellarimala, Meppadi – 673577",11.52,76.099,200,180,Government School,2024 Wayanad Landslide,ReliefWeb Local SitRep 011-2024
Kerala,Alappuzha,Alappuzha Town Hall Camp,Flood,"Alappuzha Town Hall, Mullackal, Alappuzha – 688011",9.4981,76.3388,2000,1750,Town Hall,2018 Kerala Floods,NDMA Kerala 2018
Kerala,Alappuzha,Chengannur High Ground Camps,Flood,"Chengannur Municipal Council, Station Road, Chengannur – 689121",9.3151,76.6156,3000,2600,Multi-venue school / hall,2018 Kerala Floods,NDMA; Art of Living log Aug 2018
Kerala,Idukki,Munnar Town Hall Camp,Flood / Landslide,"Munnar Town Hall, Kalaar Road, Munnar, Idukki – 685612",10.0889,77.0595,600,420,Municipal Hall,2018 Kerala Floods,NDMA Kerala 2018
Kerala,Ernakulam,Marine Drive Boat Jetty Camp,Flood,"Govt Boat Jetty, Marine Drive, Ernakulam – 682011",9.9816,76.2999,1200,980,Municipal open camp,2018 Kerala Floods,NDMA Kerala 2018
Kerala,Pathanamthitta,Pathanamthitta District Hospital Camp,Flood,"District Hospital Campus, Pathanamthitta – 689645",9.2648,76.787,800,620,Hospital campus,2018 Kerala Floods,NDMA 2018
Kerala,Kottayam,Govt College Nattakam Camp,Flood,"Government College, Nattakam Road, Kottayam – 686013",9.5862,76.5216,600,480,Govt College campus,2018 Kerala Floods,Art of Living log Aug 2018
Kerala,Thrissur,Thrissur Town Multipurpose Hall,Flood,"Swaraj Round Town Hall, Thrissur – 680001",10.5276,76.2144,1500,1200,Municipal Hall,2018 Kerala Floods,SEOC Kerala 2018
Kerala,Palakkad,Big Bazaar Rehabilitation Camp Palakkad,Flood,"Big Bazaar Junction, English Church Road, Palakkad – 678001",10.7867,76.6548,1000,800,Commercial hall (emergency),2018 Kerala Floods,Art of Living log Aug 2018
Kerala,Malappuram,Malappuram Govt Medical College Camp,Flood,"Govt Medical College, Perinthalmanna, Malappuram – 679322",10.9785,76.2327,1000,800,Hospital-linked,2019 Kerala Floods,SEOC Kerala 2019
Kerala,Kozhikode,Kozhikode Beach Relief Camp,Flood,"Municipal Town Hall, Beach Road, Kozhikode – 673001",11.2588,75.7804,1500,1100,Open ground + tents,2019 Kerala Floods,SEOC Kerala 2019
Kerala,Kollam,Tangasseri Relief Camp,Flood,"Tangasseri Old Lighthouse Road, Tangasseri, Kollam – 691009",8.8819,76.5855,600,500,Community Hall,2018 Kerala Floods,Art of Living log Aug 2018
Kerala,Kasaragod,Kasaragod Flood Relief Cluster,Flood,"District Collectorate, Vidyanagar, Kasaragod – 671121",12.4996,74.9869,1500,1200,Multi-venue cluster,2019 Kerala Floods,SEOC Kerala 2019
Kerala,Thiruvananthapuram,Thiruvananthapuram Flood Relief Camp,Flood,"Thiruvananthapuram Corporation, Park View – 695033",8.5241,76.9366,3000,2500,Municipal school cluster,2018 & 2021,SEOC Kerala; DDMA Trivandrum
Assam,Dhubri,Dhubri District Flood Camps,Flood,"DC Office Complex, Station Road, Dhubri – 783301",26.0102,89.9703,8000,15000,Multi-venue cluster,2024 Floods Jun-Jul,ActionAid 2024; ASDMA Jul 2024
Assam,Cachar,Silchar Town Relief Camps,Flood,"DC Office, Central Road, Silchar, Cachar – 788001",24.8333,92.7789,6000,8000,Govt school + stadium,2022 & 2024 Floods,ASDMA; Satya Shakti Foundation
Assam,Majuli,Majuli Island High-Ground Camp,Flood,"Majuli Sub-Division Office, Garamur, Majuli Island – 785106",26.95,94.22,3000,2500,High-ground tented camp,2024 Assam Floods,ASDMA; NE India Broadcast Aug 2024
Assam,Barpeta,Barpeta AIRBMP Retrofitted School,Flood,"DC Office, Barpeta Road, Barpeta – 781301",26.3263,91.0173,2000,1800,Retrofitted School (AIRBMP),2024 / Annual,ASDMA AIRBMP NE Today Aug 1 2024
Assam,Baksa,Baksa AIRBMP Retrofitted School,Flood,"DC Office, Basistha Chariali, Baksa – 781372",26.492,91.202,2000,1500,Retrofitted School (AIRBMP),2024 / Annual,ASDMA AIRBMP Aug 2024
Assam,Sonitpur,Tezpur AIRBMP Flood Shelter,Flood,"DC Office, OB Road, Tezpur, Sonitpur – 784001",26.6338,92.7927,2000,1600,Retrofitted School (AIRBMP),2024 / Annual,ASDMA AIRBMP NE Today Aug 1 2024
Assam,Biswanath,Biswanath AIRBMP School Shelter,Flood,"DC Office, Biswanath Chariali, Biswanath – 784176",26.74,93,1500,1200,Retrofitted School (AIRBMP),2024 / Annual,ASDMA AIRBMP Aug 2024
Assam,Lakhimpur,North Lakhimpur AIRBMP Shelter,Flood,"DC Office, Lakhimpur, North Lakhimpur – 787001",27.2348,94.1149,2000,1600,AIRBMP Retrofitted School + new shelter,2024 / Annual,ASDMA AIRBMP; NE Today Aug 2024
Assam,Dibrugarh,Dibrugarh AIRBMP Shelter,Flood,"DC Office, AG Road, Dibrugarh – 786001",27.4728,94.912,2000,1500,Retrofitted School (AIRBMP),2024 / Annual,ASDMA AIRBMP Aug 2024
Assam,Sivasagar,Sivasagar AIRBMP Shelter,Flood,"DC Office, Sivasagar – 785640",26.983,94.638,1500,1200,Retrofitted School (AIRBMP),2024 / Annual,ASDMA AIRBMP Aug 2024
Assam,Karimganj,Karimganj Post-Remal Flood Camp,Flood / Cyclone remnant,"DC Office, Station Road, Karimganj – 788710",24.8693,92.3543,5000,4500,Govt school cluster,2024 post-Cyclone Remal,NE India Broadcast Aug 2024
Assam,Nagaon,Nagaon District Flood Camp,Flood,"DC Office, Nagaon – 782001",26.3519,92.6843,3000,2600,School + community hall,2024 Assam Floods,ASDMA Jul 2024
Assam,Kamrup,Guwahati Flood Relief Camp,Flood,"DC Office, Dispur, Guwahati – 781006",26.1445,91.7362,5000,4000,Municipal school + community hall,2022 & 2024 Floods,ASDMA; Wikipedia 2022 Assam floods
Assam,Morigaon,Morigaon Brahmaputra Flood Camp,Flood,"DC Office, Morigaon – 782105",26.2503,92.3511,2000,1700,Govt school,2024 Assam Floods,ASDMA Jul 2024
Gujarat,Kutch,Bhuj Emergency Response Centre (GSDMA),Cyclone / Earthquake,"Bhuj Municipal Corporation, Hamirsar Lake Road, Bhuj – 370001",23.242,69.6669,5000,4000,Regional ERC (GSDMA),Permanent,GSDMA ERC programme
Gujarat,Jamnagar,Jamnagar Coastal Cyclone Shelter,Cyclone,"GSDMA ERC, Lakhota Lake Road, Jamnagar – 361001",22.4707,70.0577,3000,2500,GSDMA shelter + Govt buildings,2023 Biparjoy,CMO Gujarat Jun 2023
Gujarat,Porbandar,Porbandar Cyclone Shelter,Cyclone,"GSDMA ERC, Porbandar – 360575",21.6422,69.6069,2000,1700,GSDMA shelter,2023 Biparjoy; 2024 Asna,CMO Gujarat Jun 2023
Gujarat,Vadodara,Vadodara ERC + Ajwa Ground Camp,Flood,"Vadodara Municipal Corp, RC Dutt Road, Vadodara – 390007",22.3072,73.1812,8000,6500,Regional ERC + open ground,2024 Gujarat Floods,GSDMA; Wikipedia 2024
Gujarat,Surat,Surat ERC + Tapi Flood Camp,Flood,"Surat Municipal Corp, Muglisara, Surat – 395001",21.1702,72.8311,6000,5000,Regional ERC + Municipal school,2006 & 2024 floods,GSDMA 5 ERCs
Gujarat,Rajkot,Rajkot ERC (GSDMA),Cyclone / Flood,"Rajkot Municipal Corp, Jawahar Road, Rajkot – 360001",22.3039,70.8022,5000,3500,Regional ERC (GSDMA),Permanent,GSDMA 5 ERCs
Gujarat,Morbi,Morbi Cyclone Relief Camp,Cyclone,"Morbi Municipal Council, Morbi – 363641",22.8175,70.8378,3000,2500,Govt school cluster,2023 Biparjoy,CMO Gujarat Jun 2023
Gujarat,Amreli,Amreli Cyclone Relief Camp,Cyclone,"Amreli Municipal Council, Amreli – 365601",21.6042,71.2211,2000,1600,Govt school cluster,2023 Biparjoy; Tauktae 2021,CMO Gujarat; GSDMA 2021
Gujarat,Devbhumi Dwarka,Dwarka Coastal Camp,Cyclone,"Okha Port Area, Dwarka – 361350",22.2393,68.9678,2000,1600,GSDMA shelter + Govt,2023 Biparjoy,CMO Gujarat Jun 2023
Gujarat,Gir Somnath,Veraval Coastal Shelter,Cyclone,"Veraval Municipal Council, Gir Somnath – 362265",20.908,70.3629,1500,1200,GSDMA shelter,2023 Biparjoy,CMO Gujarat Jun 2023
Gujarat,Bhavnagar,Bhavnagar Relief Camp,Cyclone / Flood,"Bhavnagar Municipal Corp, Waghawadi Road, Bhavnagar – 364002",21.7645,72.1519,3000,2500,Govt school + buildings,2023 Biparjoy,CMO Gujarat Jun 2023
West Bengal,South 24 Parganas,Sagar Island Cyclone Shelter,Cyclone,"Sagar Island Block Office, South 24 Parganas – 743373",21.6513,88.0767,3000,2500,Permanent cyclone shelter,Remal 2024; Amphan 2020,MHA Dana Sitrep; NDMA
West Bengal,South 24 Parganas,Gosaba Block School Camp,Cyclone,"Gosaba BDO Office, South 24 Parganas – 743370",22.1628,88.7963,1500,1300,Govt school,Remal 2024,UNICEF WB Sitrep 2 May 2024
West Bengal,South 24 Parganas,Basanti Block School Camp,Cyclone / Flood,"Basanti BDO Office, South 24 Parganas – 743312",22.1784,88.7289,2000,1800,Govt school,Amphan 2020; Bulbul 2019,NDMA Amphan 2020
West Bengal,North 24 Parganas,Basirhat Relief Camp,Cyclone,"Basirhat Municipal Area, Station Road, Basirhat – 743411",22.6581,88.8681,4000,3500,Municipality + schools,Amphan 2020; Remal 2024,NDMA Amphan; MHA Dana Oct 2024
West Bengal,East Medinipur,Digha Cyclone Relief Camp,Cyclone,"Digha New Beach Area, East Medinipur – 721428",21.6268,87.5127,3000,2500,Govt building + school,Multiple cyclones,WB SDMA; MHA Dana Oct 2024
West Bengal,Kolkata,Salt Lake Flood Camp,Cyclone / Flood,"Bidhannagar Municipal Corp, FD Block, Salt Lake, Kolkata – 700064",22.5726,88.414,10000,8500,Urban school + community centre,Amphan 2020,NDMA Amphan 2020
West Bengal,Murshidabad,Murshidabad Flood Camp,Flood / Cyclone remnant,"Murshidabad DC Office, Berhampore – 742101",24.1761,88.2668,3000,2500,Govt school cluster,Remal 2024; Annual Ganga,UNICEF WB Sitrep 1 May 2024
West Bengal,Jalpaiguri,Jalpaiguri Teesta Flood Camp,Flood,"Jalpaiguri DC Office, Jalpaiguri – 735101",26.5425,88.7179,3000,2500,Govt school,Annual Teesta,WB SDMA / CWC annual
Tamil Nadu,Nagapattinam,Nagapattinam Permanent Cyclone Shelter,Cyclone,"Nagapattinam Municipal Office, New Bus Stand Road – 611001",10.7672,79.8449,5000,4200,TNSCDMA permanent shelter,Multiple cyclones,TNSCDMA; Tamil Nadu Weatherman Aug 2025
Tamil Nadu,Cuddalore,Cuddalore 28 Cyclone Shelters Cluster,Cyclone,"Cuddalore DC Office, Beach Road, Cuddalore – 607001",11.748,79.7714,10000,8500,28 cyclone shelters + 14 MPSCs + 191 temp camps,2024 pre-Fengal; Thane 2011,Newkerala Nov 2024; TNFRS Fengal Nov 2024
Tamil Nadu,Chennai,Chennai Corporation School Camps,Flood,"Corporation of Chennai, Ripon Building, Park Town – 600003",13.0827,80.2707,20000,15000,Municipal school cluster,2015 Chennai Floods; Michaung 2023,NDMA 2015; Wikipedia Nivar 2020
Tamil Nadu,Puducherry,Puducherry Govt Guest House Camp,Cyclone,"Puducherry Collectorate, Goubert Avenue – 605001",11.9416,79.8083,2000,1700,Govt + school,Cyclone Fengal Nov 2024,Wikipedia Cyclone Fengal 2024
Tamil Nadu,Villupuram,Villupuram Cyclone Relief Camp,Cyclone,"Villupuram DC Office, Anna Nagar, Villupuram – 605602",11.9401,79.4861,3000,2500,Govt buildings,Fengal 2024; Vardah 2016,TNSCDMA; TNFRS Fengal 2024
Tamil Nadu,Kallakurichi,Kallakurichi Fengal Flood Camp,Flood / Cyclone,"Kallakurichi DC Office, Kallakurichi – 606202",11.7351,78.8259,2000,1700,Govt school cluster,Cyclone Fengal Nov 2024,TNFRS Fengal report Nov 2024
Tamil Nadu,Tirunelveli,Tirunelveli Flood Camp,Flood,"Tirunelveli DC Office, Palayamkottai Road – 627001",8.7139,77.7567,4000,3200,Municipal school,Dec 2023 Floods,Wikipedia 2023 TN floods
Andhra Pradesh,Vishakhapatnam,Vizag MVP Colony Relief Camp,Cyclone,"MVP Colony Community Hall, Vishakhapatnam – 530017",17.7231,83.3023,8000,6500,Govt school + community centre,2014 Cyclone Hudhud,NDMA Hudhud 2014
Andhra Pradesh,Krishna,Vijayawada Municipal School Camps,Flood,"Vijayawada Municipal Corp, MG Road, Vijayawada – 520010",16.5062,80.648,10000,12000,Municipal school cluster,2024 AP-Telangana Floods,Wikipedia 2024 AP floods
Andhra Pradesh,East Godavari,Kakinada Municipal Relief Camp,Cyclone / Flood,"Kakinada Municipal Corp, Main Road, Kakinada – 533001",16.9891,82.2475,6000,5000,Municipal school + stadium,Multiple cyclones,AP SDMA
Andhra Pradesh,Srikakulam,Srikakulam Town Relief Camp,Cyclone,"Srikakulam Municipal Council, Main Road – 532001",18.2949,83.8938,5000,4200,Municipal school cluster,Hudhud 2014; Titli 2018,NDMA AP report
Jammu & Kashmir,Srinagar,Sher-i-Kashmir Cricket Stadium Camp,Flood,"Sher-i-Kashmir Cricket Stadium, Sonwar Bagh, Srinagar – 190001",34.09,74.8,10000,8500,Stadium (emergency),2014 J&K Floods,NDMA; Wikipedia 2014 Kashmir floods
Jammu & Kashmir,Srinagar,Bakshi Stadium Relief Camp,Flood,"Bakshi Stadium, Polo View, Srinagar – 190001",34.0808,74.7951,8000,7000,Stadium (emergency),2014 J&K Floods,NDMA 2014
Jammu & Kashmir,Doda,Doda Landslide Camp 2024,Landslide,"Doda Town Collectorate, Near Bus Stand, Doda – 182202",33.149,75.538,1000,800,Govt school + community hall,2024 Doda Chisoti slide Aug,NDMA Aug 2024
Bihar,Supaul,Supaul Kosi Breach Camp,Flood,"DC Office, Supaul, Kosi Embankment – 852131",26.1166,86.5985,15000,12000,Govt school + embankment tents,2008 Kosi Breach; annual,CWC/NDMA 2008 Kosi report
Bihar,Darbhanga,Darbhanga College Grounds Flood Camp,Flood,"Darbhanga Medical College Road, Darbhanga – 846004",26.1522,85.8987,8000,6500,College campus + schools,Annual Bagmati Kamla,Bihar SDMA / CWC annual
Bihar,Patna,Patna Gandhi Maidan Flood Camp,Flood,"Gandhi Maidan, Collectorate Campus, Patna – 800001",25.6087,85.1259,20000,15000,Open ground + centres,2019 & 2016 Patna floods,Bihar SDMA; CWC
Uttar Pradesh,Prayagraj,Prayagraj Ganga Flood Camp,Flood,"Daraganj Flood Shelter, Ganga Bank, Prayagraj – 211006",25.4358,81.8463,10000,8500,Govt school + ghat tents,2024 Prayagraj Flood Jul; annual,Wikipedia 2024; CWC
Uttar Pradesh,Varanasi,Varanasi Ghat Flood Camp,Flood,"Assi Ghat, Varanasi – 221005",25.2904,83.0092,5000,4200,Govt school + ghat tents,Annual Ganga flood,CWC / UP SDMA annual
Uttar Pradesh,Gorakhpur,Gorakhpur Rapti Flood Camp,Flood,"Gorakhpur Municipal Corp, Bank Road – 273001",26.7606,83.3732,6000,5000,Govt school + stadium,Annual Rapti,UP SDMA / CWC
Uttar Pradesh,Bahraich,Bahraich Ghaghara Flood Camp,Flood,"DC Office, Station Road, Bahraich – 271801",27.5706,81.5952,5000,4200,Govt school cluster,Annual Ghaghara Rapti,UP SDMA / CWC
Uttarakhand,Rudraprayag,Kedarnath Base Camp – Gaurikund,Flood / Landslide,"Gaurikund, On Road to Kedarnath, Rudraprayag – 246001",30.6296,79.0689,2000,1800,Pilgrim camp converted,2013 Kedarnath floods,NDMA 2013 Uttarakhand report
Uttarakhand,Chamoli,Joshimath ITBP Camp,Landslide / Subsidence,"ITBP Camp, Joshimath, Chamoli – 246443",30.5564,79.5651,1000,800,ITBP military camp,2021 GLOF; 2023 subsidence,NDMA; PMFias Jan 2023
Himachal Pradesh,Kullu,Kullu Higher Ground Camp,Flood / Landslide,"Kullu DC Office, Akhara Bazar, Kullu – 175101",31.9579,77.1099,2000,1600,Govt + tents,2023 & 2024 HP floods,NDMA; Downtoearth Aug 2024
Himachal Pradesh,Shimla,Shimla Landslide Relief Camp,Landslide,"Shimla DC Office, Cart Road, Shimla – 171001",31.1048,77.1734,3000,2500,Govt school + community hall,2023 Summer Hill slide,NDMA; Reuters Aug 2023
Himachal Pradesh,Mandi,Mandi Town Flood Camp,Flood,"Mandi DC Office, Indira Market, Mandi – 175001",31.716,76.932,2000,1600,Govt school cluster,2023 & 2024 HP floods,NDMA; Reuters Aug 2023
Himachal Pradesh,Solan,Solan Monsoon Relief Camp,Flood / Landslide,"Solan DC Office, The Mall, Solan – 173212",30.9045,77.0967,1500,1200,Govt school,2023 HP floods,Mongabay Sep 2025
Karnataka,Kodagu,Madikeri Landslide Camp,Flood / Landslide,"Kodagu DC Office, Fort Road, Madikeri – 571201",12.4244,75.7382,3000,2500,Govt school + PWD,2018 & 2019 Kodagu floods,NDMA; FloodList 2019
Karnataka,Belagavi,Belagavi Krishna Flood Camp,Flood,"Belagavi Smart City, Hindwadi, Belagavi – 590011",15.8497,74.4977,6000,5000,Govt school cluster,2019 & 2021 Karnataka floods,ReliefWeb DREF 2019
Karnataka,Shivamogga,Shivamogga Tunga Flood Camp,Flood,"Shivamogga DC Office, JC Road – 577201",13.9299,75.5681,3000,2500,Govt school cluster,2023 & 2024 floods,Karnataka SDMA; Media 2023
Karnataka,Kalaburagi,Kalaburagi Bhima Flood Camp,Flood,"Kalaburagi DC Office, Station Road – 585102",17.3297,76.8343,3000,2500,Govt school cluster,2020 & 2021 Bhima floods,Karnataka SDMA / NDMA
Rajasthan,Kota,Kota Chambal Flood Camp,Flood,"Kota Municipal Corp, Nayapura, Kota – 324001",25.1802,75.8069,4000,3200,Govt school cluster,Annual Chambal,Rajasthan SDMA / CWC
Rajasthan,Barmer,Barmer Flash Flood Camp,Flood,"Barmer DC Office, Station Road, Barmer – 344001",25.7521,71.4157,3000,2500,Govt school cluster,Flash floods annual,Rajasthan SDMA
Rajasthan,Jhalawar,Jhalawar Parvati Flood Camp,Flood,"Jhalawar DC Office, Near Bus Stand – 326001",24.5977,76.1639,2000,1500,Govt school cluster,2024 floods Aug,Media Aug 2024
Madhya Pradesh,Bhopal,Bhopal Kaliasot Flood Camp,Flood,"Bhopal Municipal Corp, TT Nagar, Bhopal – 462003",23.2599,77.4126,4000,3200,Municipal school cluster,2024 Bhopal floods Aug,NDMA; Media 2024
Madhya Pradesh,Indore,Indore Kshipra Flood Camp,Flood,"Indore Municipal Corp, MG Road, Indore – 452001",22.7196,75.8577,4000,3200,Municipal school cluster,2024 Indore floods,NDMA; MP SDMA 2024
Madhya Pradesh,Jabalpur,Jabalpur Narmada Flood Camp,Flood,"Jabalpur Municipal Corp, Russell Chowk – 482001",23.1815,79.9864,3000,2500,Govt school cluster,Annual Narmada,MP SDMA / CWC
Madhya Pradesh,Barwani,Barwani Narmada Flood Camp,Flood,"Barwani DC Office, Barwani – 451551",21.731,74.4973,2000,1600,Govt school + tribal building,Annual flooding,MP SDMA / CWC
Jharkhand,Dhanbad,Dhanbad Damodar Flood Camp,Flood,"Dhanbad Municipal Corp, Station Road – 826001",23.7957,86.4304,3000,2500,Govt school cluster,Annual Damodar,Jharkhand SDMA / CWC
Jharkhand,Sahebganj,Sahebganj Ganga Flood Camp,Flood,"Sahebganj DC Office, Near Hospital – 816109",25.2459,87.6779,3000,2500,Govt school cluster,Annual Ganga,Jharkhand SDMA
Chhattisgarh,Dantewada,Kirandul Flood Camp,Flood,"Kirandul Camp, NMDC Kirandul, Dantewada – 494556",18.643,81.237,2000,1500,Govt + CHC campus,2024 Kirandul flood Jul 21,WHO India Aug 23 2024
Chhattisgarh,Raipur,Raipur Urban Flood Camp,Flood,"Raipur Municipal Corp, Jail Road, Raipur – 492001",21.2514,81.6296,3000,2500,Municipal school,Annual Kharun Mahanadi,CG SDMA
Telangana,Hyderabad,Hyderabad Musi Flood Camp,Flood,"Hyderabad Collectorate, MJ Market Road – 500001",17.385,78.4867,10000,8000,Municipal school + stadium,2020 Hyderabad Musi floods,Wikipedia 2020; NDMA
Telangana,Khammam,Khammam Godavari Camp,Flood,"Khammam DC Office, Church Road – 507001",17.2473,80.1514,5000,4200,Govt school cluster,2024 AP-Telangana floods,Wikipedia 2024; NDMA
Telangana,Warangal,Warangal Godavari Camp,Flood,"Warangal Municipal Corp, Hanamkonda – 506001",17.9784,79.5941,3000,2500,Govt school cluster,2024 AP-Telangana floods,NDMA 2024
Sikkim,East Sikkim,Singtam Relief Camp (post-GLOF),GLOF / Landslide,"Singtam Town, NH-10, East Sikkim – 737134",27.236,88.5022,2000,1800,Govt school + army camp,2023 Sikkim GLOF,ReliefWeb Oct 2023; NDMA
Sikkim,East Sikkim,Gangtok Emergency Shelter,GLOF / Landslide,"Gangtok DC Office, MG Marg, Gangtok – 737101",27.3389,88.6065,3000,2500,Govt building cluster,2023 Sikkim GLOF,NDMA; ReliefWeb 2023
Sikkim,North Sikkim,Chungthang Evacuation Camp,GLOF,"Chungthang Sub-Division Office, North Sikkim – 737120",27.603,88.6404,1000,800,Govt buildings above flood,2023 Sikkim GLOF,ReliefWeb Oct 2023
Manipur,Imphal West,Imphal Flood Camp,Flood,"DC Office, Imphal West, Imphal – 795001",24.817,93.9368,3000,2500,Govt school cluster,2024 Manipur Floods,NDMA Jun 2024
Manipur,Noney,Noney Landslide IRCON Camp,Landslide,"Noney Sub-Division Office, Noney, Manipur – 795133",24.747,93.956,500,300,IRCON + NDRF tented,2022 Noney slide Jun,NDMA; Wikipedia Jun 2022
Meghalaya,East Jaintia Hills,Jowai Flood Relief Camp,Flood,"Jowai Civil Sub-Division, East Jaintia Hills – 793150",25.4322,92.2023,1500,1200,Govt school,2024 Meghalaya Floods,NDMA Jun 2024
Meghalaya,East Khasi Hills,Shillong Landslide Camp,Landslide,"DC Office, Shillong, East Khasi Hills – 793001",25.5788,91.8933,2000,1600,Govt school + community,2021 & annual,NRSC Landslide Atlas; NDMA
Mizoram,Aizawl,Aizawl Landslide Relief Camp,Landslide,"DC Office, Khatla, Aizawl – 796001",23.7307,92.7173,3000,2500,Govt building cluster,Remal 2024; annual,NRSC Atlas; Wikipedia Cyclone Remal
Mizoram,Lunglei,Lunglei Post-Remal Flood Camp,Flood / Cyclone remnant,"DC Office, Lunglei – 796701",22.8867,92.73,1500,1200,Govt school,2024 post-Remal,ReliefWeb May-Jun 2024
Nagaland,Dimapur,Dimapur Flood Camp,Flood,"DC Office, Main Town, Dimapur – 797112",25.9066,93.7199,2000,1600,Govt school cluster,Annual; Remal 2024,NDMA 2024
Nagaland,Kohima,Kohima Landslide Camp,Landslide,"DC Office, Kohima – 797001",25.6637,94.1077,1500,1200,Govt building + school,Annual monsoon,NDMA Aug 2024
Tripura,South Tripura,Belonia Town Relief Camps,Flood / Landslide,"Belonia Municipal Council, Station Road, South Tripura – 799155",23.2495,91.4521,5000,8200,Multi-venue cluster,2024 Tripura Floods Aug,ReliefWeb Sitrep 2 Aug 23 2024
Tripura,Gomati,Udaipur Town Relief Camps,Flood,"Udaipur Sub-Division, Gomati – 799120",23.537,91.4879,4000,6500,Multi-venue cluster,2024 Tripura Floods,Sphere India JRNA Sep 2024
Tripura,West Tripura,Agartala City Relief Camps,Flood,"Agartala Municipal Corp, HGB Road – 799001",23.8315,91.2868,8000,12000,Multi-venue cluster (school/hall/stadium),2024 Tripura Floods Aug,NEtoday Aug 22 2024
Tripura,Khowai,Khowai Town Relief Camps,Flood,"Khowai Municipal Council, Khowai – 799201",24.075,91.604,2000,2200,Govt school + community hall,2024 Tripura Floods,Sphere India JRNA
Arunachal Pradesh,West Siang,Along Siang River Flood Camp,Flood,"Along Municipal Council, DC Office, Aalo, West Siang – 791001",28.1587,94.794,2000,1600,Govt school cluster,Annual Siang flooding,Arunachal SDMA
Arunachal Pradesh,East Siang,Pasighat Siang Flood Camp,Flood,"Pasighat DC Office, East Siang – 791102",28.0663,95.3269,2000,1600,Govt school + NDRF,Annual Brahmaputra,Arunachal SDMA / ASDMA
Andaman & Nicobar,South Andaman,Port Blair Cyclone Shelter,Cyclone,"Port Blair Municipal Council, Aberdeen Bazaar – 744101",11.6234,92.7265,3000,2500,Govt + military facility,Multiple cyclones,NDMA; A&N admin
Kerala,Alappuzha,Ambalappuzha Taluk Relief Camps Cluster (7 camps),Flood,"Ambalappuzha Taluk Govt School, Ambalappuzha, Alappuzha – 688561",9.364,76.3755,3000,1675,Temporary Flood Camp,2018 Kerala Floods,"alappuzha.nic.in/en/relief-camps/ (01 Sep 2018): 7 camps, 455 families, 1675 members"
Kerala,Alappuzha,Kuttanad Cluster under Ambalappuzha (12 camps),Flood,"Kuttanad Panchayat Hall, Champakulam, Alappuzha – 688503",9.431,76.401,2800,1120,Temporary Flood Camp,2018 Kerala Floods,"alappuzha.nic.in/en/relief-camps/ (01 Sep 2018): 12 camps, 359 families, 1120 members"
Kerala,Alappuzha,Cherthala Relief Camp,Flood,"Cherthala Town Hall, NH-66, Cherthala, Alappuzha – 688521",9.6833,76.3333,2200,1155,Temporary Flood Camp,2018 Kerala Floods,"alappuzha.nic.in/en/relief-camps/ (01 Sep 2018): 1 camp, 284 families, 1155 members"
Kerala,Alappuzha,Chengannur Cluster (31 camps),Flood,"Chengannur Municipal Council, Station Road – 689121",9.3151,76.6156,5000,2009,Temporary Flood Camp,2018 Kerala Floods,"alappuzha.nic.in/en/relief-camps/ (01 Sep 2018): 31 camps, 565 families, 2009 members"
Kerala,Alappuzha,Mavelikkara Relief Camp,Flood,"Mavelikkara Municipal Council, Bank Road – 690101",9.2665,76.5517,500,44,Temporary Flood Camp,2018 Kerala Floods,"alappuzha.nic.in/en/relief-camps/ (01 Sep 2018): 1 camp, 10 families, 44 members"
Kerala,Alappuzha,Karthikappally Cluster (10 camps),Flood,"Karthikappally Panchayat, Haripad, Alappuzha – 690514",9.395,76.37,1500,520,Temporary Flood Camp,2018 Kerala Floods,"alappuzha.nic.in/en/relief-camps/ (01 Sep 2018): 10 camps, 180 families, 520 members"
Kerala,Alappuzha,Kayamkulam Flood Relief Camp,Flood,"Kayamkulam Municipal Council, Main Road – 690502",9.1652,76.5007,1000,800,Temporary Flood Camp,2018 Kerala Floods,"Ramakrishna Math Kayamkulam centre, Belur Math media.belurmath.org Aug 2018"
Kerala,Alappuzha,Haripad Centre Flood Camp,Flood,"Haripad Municipal Council, Temple Junction – 690514",9.2283,76.5234,800,600,Temporary Flood Camp,2018 Kerala Floods,"Ramakrishna Math Haripad centre flooded; members sheltered at Kayamkulam, media.belurmath.org Aug 2018"
Kerala,Alappuzha,Pandanad Flood Cluster,Flood,"Pandanad Panchayat Office, Pandanad, Chengannur – 689501",9.2756,76.63,2000,1600,Temporary Flood Camp,2018 Kerala Floods,Wikipedia 2018 Kerala floods – major evacuation point: Pandanad
Kerala,Alappuzha,Edathua Kuttanad Relief Camp,Flood,"Edathua Panchayat Office, Edathua, Kuttanad – 689573",9.388,76.453,1500,1200,Temporary Flood Camp,2018 Kerala Floods,ReliefWeb Kerala Floods JDNA 2018; Kuttanad worst-affected sub-district
Kerala,Ernakulam,Ramakrishna Advaita Ashrama School Camp Kalady,Flood,"Sri Ramakrishna Advaita Ashrama HS, Kalady, Ernakulam – 683574",10.1623,76.4124,2000,1800,Temporary Flood Camp,2018 Kerala Floods,media.belurmath.org (Aug 2018): Kalady Ashrama school used as relief camp; 1800+ sheltered; Periyar/Purna flooding
Kerala,Ernakulam,UC College Camp Ernakulam,Flood,"UC College Ground, Aluva, Ernakulam – 683101",10.1,76.35,1500,1200,Temporary Flood Camp,2018 Kerala Floods,ReliefWeb Overall Update 3 Sep 2018 – DMMU visited UC College & Mar Gregorious School relief camps
Kerala,Ernakulam,Mar Gregorious School Camp,Flood,"Mar Gregorious School, Aluva Bypass, Ernakulam – 683101",10.1,76.35,1000,800,Temporary Flood Camp,2018 Kerala Floods,ReliefWeb Overall Update 3 Sep 2018
Kerala,Ernakulam,Kaipattoor Area Relief Camp Cluster,Flood,"Kaipattoor, Kanjoor–Kalady Road, Ernakulam – 683574",10.17,76.41,3000,2800,Temporary Flood Camp,2018 Kerala Floods,media.belurmath.org – Kalady Ashrama distributed kits to 2800 families in Kaipattoor area
Kerala,Ernakulam,Aluva Paravoor Flood Camp,Flood,"North Paravoor Municipal Hall, Ernakulam – 683513",10.0126,76.2172,2000,1600,Temporary Flood Camp,2018 Kerala Floods,ReliefWeb DMMU report Sep 2018: Paravoor visited
Kerala,Ernakulam,Kanayannur Taluk Relief Camps,Flood,"Kanayannur Taluk Office, Tripunithura, Ernakulam – 682301",9.9312,76.2673,2000,1500,Temporary Flood Camp,2018 & 2019 Kerala Floods,ernakulam.nic.in – List of families in Kanayannur Taluk relief camps
Kerala,Ernakulam,Kunnathunad Taluk Relief Camps,Flood,"Kunnathunad Taluk Office, Perumbavoor, Ernakulam – 683542",10.1623,76.4124,1500,1200,Temporary Flood Camp,2018 & 2019 Kerala Floods,ernakulam.nic.in – Kunnathunad Taluk camp list published
Kerala,Ernakulam,Muvattupuzha Taluk Relief Camps,Flood,"Muvattupuzha Municipal Council, Near Bus Stand – 686661",10.1149,76.5866,1500,1000,Temporary Flood Camp,2018 & 2019 Kerala Floods,ernakulam.nic.in – Muvattupuzha Taluk relief camp families registered
Kerala,Pathanamthitta,Thiruvalla CARD-EHA Base Camp,Flood,"Thiruvalla Municipal Council, MC Road – 689101",9.3793,76.5737,1500,1200,Temporary Flood Camp,2018 Kerala Floods,ReliefWeb Sep 2018: DMMU finalized base at Thiruvalla; Marthoma Church HQ
Kerala,Pathanamthitta,Ramakrishna Ashrama Tiruvalla Relief Camp,Flood,"Ramakrishna Ashrama, Hospital Junction, Tiruvalla – 689101",9.3793,76.5737,800,600,Temporary Flood Camp,2018 Kerala Floods,media.belurmath.org (Aug 2018): Tiruvalla centre distributed to 300 flood families; garments/mats
Kerala,Pathanamthitta,Ranni Area Flood Camp (Ranni Taluk),Flood,"Ranni Panchayat Office, Main Road, Ranni – 689673",9.5065,77.0091,2000,1600,Temporary Flood Camp,2018 Kerala Floods,Wikipedia 2018 Kerala floods – major evacuation: Ranni; Pamba River
Kerala,Pathanamthitta,Kozhencherry Flood Relief Camp,Flood,"Kozhencherry Municipal Council, MC Road – 689641",9.4302,76.7833,2000,1500,Temporary Flood Camp,2018 Kerala Floods,Wikipedia 2018 Kerala floods: Kozhencherry major evacuation point; Pamba
Kerala,Pathanamthitta,Aranmula Flood Camp,Flood,"Aranmula Panchayat Hall, Near Krishna Temple – 689533",9.3577,76.6167,1500,1200,Temporary Flood Camp,2018 Kerala Floods,fire.kerala.gov.in flood report: Aranmula and Upper Kuttanad rescue; 518 camps by 18 Aug
Kerala,Pathanamthitta,Pandalam Flood Relief Camp,Flood,"Pandalam Municipal Council, Pandalam – 689501",9.228,76.688,1500,1200,Temporary Flood Camp,2018 Kerala Floods,Wikipedia 2018 Kerala floods – major evacuation from Pandalam
Kerala,Kottayam,Kottayam Taluk Relief Camps,Flood,"Kottayam Municipal Council, KK Road – 686001",9.5916,76.5222,2000,1600,Temporary Flood Camp,2018 & 2019 Kerala Floods,"kottayam.nic.in: list of families registered; Changanacherry, Kanjirappally, Kottayam, Vaikom, Meenachil taluks (Aug 2019)"
Kerala,Kottayam,Changanacherry Taluk Flood Camp,Flood,"Changanacherry Municipal Council, MC Road – 686101",9.436,76.531,2000,1600,Temporary Flood Camp,2019 Kerala Floods,kottayam.nic.in (24 Aug 2019): Changanacherry relief camp list PDF 1.60MB published
Kerala,Kottayam,Vaikom Taluk Flood Camp,Flood,"Vaikom Municipal Council, Vaikom – 686141",9.7502,76.394,1500,1200,Temporary Flood Camp,2019 Kerala Floods,kottayam.nic.in (24 Aug 2019): Vaikom relief camp list PDF 2.10MB
Kerala,Kottayam,Meenachil Taluk Flood Camp,Flood,"Meenachil Taluk Office, Pala, Kottayam – 686575",9.659,76.644,1200,900,Temporary Flood Camp,2019 Kerala Floods,kottayam.nic.in (24 Aug 2019): Meenachil relief camp list PDF 730KB
Kerala,Kottayam,Pala Ramakrishna Math Flood Relief Camp,Flood,"Ramakrishna Math, Pala, Kanjirappally – 686575",9.7032,76.6649,500,400,Temporary Flood Camp,2018 Kerala Floods,media.belurmath.org: Pala centre distributing cooked food and dry items to nearby relief camps
Kerala,Idukki,Munnar Flood Evacuation Camp,Flood,"Munnar Taluk Office, Munnar, Idukki – 685612",10.0889,77.0595,2000,1500,Temporary Flood Camp,2018 Kerala Floods,Wikipedia 2018 Kerala floods – Idukki Dam opened for first time in 26 years; Munnar area evacuated
Kerala,Idukki,Peermade Landslide Flood Camp,Flood,"Peermade Grama Panchayat, Peermade, Idukki – 685531",9.5939,77.003,1000,800,Temporary Flood Camp,2018 Kerala Floods,SDMA Kerala JRDNA – 305mm rainfall at Peermade on 9 Aug; Idukki worst-hit
Kerala,Idukki,Myladumpara Flood Camp,Flood,"Myladumpara Panchayat Hall, Myladumpara, Idukki – 685619",10.05,77.07,800,600,Temporary Flood Camp,2018 Kerala Floods,SDMA Kerala JRDNA 2018: Myladumpara KSEB 214mm rainfall; high evacuations
Kerala,Thrissur,Adat Gram Panchayat Higher Secondary School Camp,Flood,"Adat GP Ramakrishna Ashrama HS, Adat, Chalakudy – 680681",10.305,76.329,500,280,Temporary Flood Camp,2018 Kerala Floods,media.belurmath.org / Belur Math iMedia (Aug 2018): Adat panchayat opened camp in Ramakrishna Ashrama HSS; 280 sheltered
Kerala,Thrissur,Chalakudy Flood Relief Camp Cluster,Flood,"Chalakudy Municipal Council, TC Road, Thrissur – 680307",10.304,76.3362,3000,2500,Temporary Flood Camp,2018 Kerala Floods,Wikipedia 2018 Kerala floods: Chalakudy major evacuation; Chalakudy river floods
Kerala,Thrissur,Thrissur Ramakrishna Ashrama Relief Camp,Flood,"Ramakrishna Ashrama HS, Sreekrishnapuram, Thrissur – 679103",10.5276,76.2144,500,300,Temporary Flood Camp,2018 Kerala Floods,media.belurmath.org: Thrissur Ashrama HSS opened as local relief camp
Kerala,Palakkad,Palakkad Malampuzha Dam Downstream Camp,Flood,"Palakkad Malampuzha Road, Near Palakkad Fort – 678001",10.7867,76.6548,3000,2500,Temporary Flood Camp,2018 Kerala Floods,Wikipedia: Malampuzha dam 5 gates opened first time; 211mm at Palakkad 9 Aug 2018; evacuations
Kerala,Palakkad,Coimbatore Math Palakkad Relief Camp,Flood,"Ottapalam Municipal Council, Station Road – 679101",10.7748,76.3896,600,500,Temporary Flood Camp,2018 Kerala Floods,media.belurmath.org: Coimbatore Math distributed food to 500 families near Mazhapuzla dam and Ottapalam
Kerala,Malappuram,Nilambur Flood Relief Camp,Flood,"Nilambur Municipal Council, Station Road – 679329",11.2807,76.2119,2000,1600,Temporary Flood Camp,2018 Kerala Floods,SDMA Kerala JRDNA: 398mm at Nilambur 9 Aug – highest single-day; major evacuations
Kerala,Malappuram,Perinthalmanna Relief Camp Cluster,Flood,Perinthalmanna Municipal Council – 679322,10.9785,76.2327,2000,1600,Temporary Flood Camp,2018 & 2019 Kerala Floods,ReliefWeb JDNA 2018: Malappuram one of 9 worst districts; Malappuram Govt Medical College area
Kerala,Kozhikode,Kozhikode Ramakrishna Centre Relief Services,Flood,"Calicut University Campus Road, Kozhikode – 673001",11.2588,75.7804,1500,1200,Temporary Flood Camp,2018 Kerala Floods,media.belurmath.org: Kozhikode centre distributed rice/lentils/oil to 1000+ flood families
Kerala,Kannur,Kannur Flood Relief Camp,Flood,"Kannur Municipal Corp, SM Street, Kannur – 670001",11.8745,75.3704,1500,1200,Temporary Flood Camp,2018 Kerala Floods,NDRF Kerala 2018: 58 teams deployed; Kannur partially affected; JRDNA 9 districts
Kerala,Wayanad,Mananthavady Flood Camp,Flood,"Mananthavady Municipal Council, Main Road – 670645",11.7982,76.0076,2000,1500,Temporary Flood Camp,2019 Kerala Floods,SDMA JRDNA: 305mm at Mananthavady 9 Aug; annually flooded; major 2019 camp hub
Kerala,Wayanad,Kalpetta Taluk General Relief Camp,Flood,"Kalpetta Municipal Council, Chulliyode Road – 673121",11.6049,76.082,1000,800,Temporary Flood Camp,2019 Kerala Floods,NDRF Kerala 2019; Wayanad district HQ Kalpetta used as logistics camp
Kerala,Kollam,Kollam Flood Relief Camp,Flood,"Kollam Municipal Corp, Ashramam Road, Kollam – 691001",8.8932,76.6141,2000,1500,Temporary Flood Camp,2018 Kerala Floods,Wikipedia 2018 Kerala floods: Kollam among affected districts; NDRF teams
Kerala,Thrissur,Mala-Kodungallur Flood Relief Camp,Flood,"Kodungallur Municipal Council, Thrissur – 680664",10.2264,76.2012,1500,1200,Temporary Flood Camp,2018 Kerala Floods,Wikipedia 2018 floods: Chalakudy + Perumbavoor Muvattupuzha worst hit
Kerala,Ernakulam,Perumbavoor Flood Relief Camp,Flood,"Perumbavoor Municipal Council, MG Road – 683542",10.1116,76.4274,2500,2000,Temporary Flood Camp,2018 Kerala Floods,India TV News Aug 17 2018: Perumbavoor listed worst-affected; Ernakulam-Thrissur
Assam,Barpeta,Barpeta Flood Relief Camps Cluster (373 camps state-wide wave 1),Flood,"Barpeta DC Collectorate, Barpeta Road, Barpeta – 781301",26.3263,91.0173,25000,20000,Temporary Flood Camp,2022 Assam Floods,Sphere India Secondary Data Analysis Jun 2022: Barpeta worst-hit 12.76L marooned; 373 relief camps state total
Assam,Dhubri,Dhubri Flood Relief Camps Cluster,Flood,"Dhubri DC Collectorate, Station Road, Dhubri – 783301",26.0102,89.9703,20000,15000,Temporary Flood Camp,2022 & 2024 Assam Floods,"Caritas India ReliefWeb: Dhubri worst-hit 472,848 affected (2022); 797,918 affected (2024 Jul)"
Assam,Cachar,Silchar Flood Relief Camps,Flood,"Silchar DC Collectorate, Central Road, Cachar – 788001",24.8333,92.7789,15000,10000,Temporary Flood Camp,2022 Assam Floods,"Sphere India 2022: Cachar 201,572 affected; Silchar urban flooding; Barak River"
Assam,Nagaon,Raha Village Flood Camp Cluster,Flood,"Raha Village Panchayat Office, Raha, Nagaon – 782103",26.15,92.3833,5000,4000,Temporary Flood Camp,2022 Assam Floods,"Sphere India 2022: Raha village Nagaon flooded (PTI photo); 503,308 affected in Nagaon"
Assam,Kamrup,Kamrup District Flood Relief Cluster,Flood,"Kamrup DC Office, NH-37, Amingaon, Kamrup – 781031",26.2143,91.7349,10000,8000,Temporary Flood Camp,2022 Assam Floods,"ASDMA bulletin: Kamrup 429,166 affected second worst; Kulsi embankment breach"
Assam,Golaghat,Golaghat Flood Relief Camp,Flood,"Golaghat DC Office, AT Road, Golaghat – 785621",26.5154,93.9789,3000,2500,Temporary Flood Camp,2022 Assam Floods,"Satya Shakti Foundation: 162 in Golaghat camp; 112,322 affected in Golaghat (Caritas)"
Assam,Darrang,Darrang Flood Relief Camp,Flood,"Darrang DC Office, Mangaldai – 784125",26.8581,92.025,5000,4000,Temporary Flood Camp,2022 Assam Floods,"ASDMA 2022: Darrang urban flooding; Baksa-Darrang embankment breach; 163,218 affected 2024"
Assam,Chirang,Chirang Flood Relief Camp,Flood,"Chirang DC Office, Kajalgaon – 783385",26.4895,90.4675,2000,1500,Temporary Flood Camp,2022 Assam Floods,Satya Shakti Foundation: 314 persons in Chirang camp; 457 villages 12 districts
Assam,Dhemaji,Dhemaji Flood Relief Camp,Flood,"Dhemaji DC Office, Dhemaji – 787057",27.473,94.5848,3000,2500,Temporary Flood Camp,2022 & 2023 Assam Floods,Satya Shakti Foundation: 125 in Dhemaji camp; Caritas task force deployed
Assam,Lakhimpur,Lakhimpur Flood Camp,Flood,"North Lakhimpur DC Office, Lakhimpur – 787001",27.2348,94.1149,5000,4000,Temporary Flood Camp,2023 Assam Floods,"Doctors For You SitRep Jun 2023: Lakhimpur worst-hit 22,000+ people; Caritas JRNA Lakhimpur"
Assam,Dibrugarh,Dibrugarh Flood Camp,Flood,"Dibrugarh DC Office, AG Road – 786001",27.4728,94.912,5000,4000,Temporary Flood Camp,2022 & 2023 Assam Floods,"Caritas India ReliefWeb: 7 blocks in Cachar/Dibrugarh/Dhemaji; 3,800+ affected Dibrugarh 2023"
Assam,Morigaon,Morigaon Flood Relief Camp,Flood,"Morigaon DC Office, Morigaon – 782105",26.2503,92.3511,3000,2500,Temporary Flood Camp,2022 Assam Floods,Satya Shakti Foundation: many died Morigaon; urban flooding; Caritas task force Morigaon
Assam,Nalbari,Nalbari Flood Relief Camp,Flood,"Nalbari DC Office, College Road – 781335",26.4692,91.431,4000,3500,Temporary Flood Camp,2022 Assam Floods,"ASDMA Jul 2022: Nalbari 105,372 people; large-scale erosion in Nalbari"
Assam,Hojai,Hojai Flood Relief Camp,Flood,"Hojai DC Office, Hojai – 782435",26.0007,92.8558,2000,1500,Temporary Flood Camp,2022 Assam Floods,Caritas India 2022: Hojai listed in 29 affected districts
Assam,Bongaigaon,Bongaigaon Flood Relief Camp,Flood,"Bongaigaon DC Office, Station Road – 783380",26.4811,90.5554,3000,2500,Temporary Flood Camp,2022 Assam Floods,ASDMA 2022: Bongaigaon in 32 districts affected; erosion reported
Assam,Karimganj,Karimganj Barak Valley Camp,Flood,"Karimganj DC Office, Station Road – 788710",24.8693,92.3543,3000,2500,Temporary Flood Camp,2022 Assam Floods,ASDMA Jun 2022: Barak Valley 4 districts severely flooded; Kushiyara river above danger; 6L people
Assam,Hailakandi,Hailakandi Flood Camp,Flood,Hailakandi DC Office – 788151,24.6808,92.5604,2000,1500,Temporary Flood Camp,2022 Assam Floods,ASDMA 2022: Hailakandi Barak Valley severely flooded
Assam,South Salmara,South Salmara Flood Camp,Flood,South Salmara-Mankachar DC Office – 783127,26.16,89.88,3000,2500,Temporary Flood Camp,2022 & 2024 Assam Floods,"ASDMA Jul 2024: South Salmara 100,926 affected; Dhubri-adjacent severe flooding"
Assam,Biswanath,Biswanath Flood Relief Camp,Flood,Biswanath Chariali DC Office – 784176,26.74,93,2000,1600,Temporary Flood Camp,2022 Assam Floods,ASDMA 2022: Biswanath in 28-district flood list; erosion in Biswanath
Assam,Kokrajhar,Kokrajhar Flood Camp,Flood,"Kokrajhar DC Office, Station Road – 783370",26.4029,90.2761,3000,2500,Temporary Flood Camp,2023 Assam Floods,"Doctors For You SitRep 2023: Kokrajhar 1,800 persons; 19 affected districts"
Assam,Sonitpur,Sonitpur Flood Camp,Flood,"Sonitpur DC Office, Tezpur – 784001",26.6338,92.7927,3000,2500,Temporary Flood Camp,2022 Assam Floods,ASDMA bulletin: Brahmaputra at Tezpur Neamatighat above danger; Sonitpur affected
West Bengal,Hooghly,Hooghly District Flood Relief Camps Cluster,Flood,"Hooghly DC Office, Chinsurah – 712101",22.7206,88.3947,25000,20000,Temporary Flood Camp,2021 West Bengal Floods,"FloodList Oct 2021: 500,000 displaced; 1100 camps state-wide; 3 deaths in Hooghly; 1L people moved in Hooghly alone"
West Bengal,Paschim Medinipur,Ghatal Flood Relief Camps (Damodar release),Flood,"Ghatal Municipal Council, Paschim Medinipur – 721212",22.6589,87.7428,20000,15000,Temporary Flood Camp,2021 & 2024 West Bengal Floods,Wikipedia 2024 WB floods: Ghatal worst-affected; DVC dam release; Army deployed Dhanyaghari
West Bengal,Howrah,Udaynarayanpur Flood Camp,Flood,"Udaynarayanpur BDO, Uluberia, Howrah – 711226",22.55,88.0847,10000,8000,Temporary Flood Camp,2021 & 2024 West Bengal Floods,Wikipedia 2024 WB floods: Udaynarayanpur Howrah worst-affected; Dwarakeswar breach; 1L moved
West Bengal,Bankura,Bankura Flood Relief Camp,Flood,Bankura Municipal Council – 722101,23.2324,87.0742,8000,6500,Temporary Flood Camp,2021 West Bengal Floods,FloodList Oct 2021: 5 deaths in Bankura; 2.6M affected across 12 districts; heavy crop damage
West Bengal,Purulia,Purulia Flood Camp,Flood,"Purulia DC Office, Station Road – 723101",23.335,86.3631,5000,4000,Temporary Flood Camp,2021 West Bengal Floods,FloodList Oct 2021: Purulia among 12 districts affected; Asansol 340mm in 24hrs
West Bengal,Purba Medinipur,Purba Medinipur Flood Camp Cluster,Flood,"Tamluk DC Office, Purba Medinipur – 721636",22.2604,87.8517,10000,8000,Temporary Flood Camp,2021 West Bengal Floods,FloodList Oct 2021: Purba Medinipur hardest hit; rivers overflowed; embankments failed
West Bengal,North 24 Parganas,North 24 Parganas Ichamati Flood Camp,Flood,"Bongaon DC Office, North 24 Parganas – 743235",22.956,88.9975,8000,6500,Temporary Flood Camp,2024 West Bengal Floods,MHA NERC Sep 2024: Ichamati above extreme flood at Kuthibari Bangaon Bajitpur Tarinipur
West Bengal,South 24 Parganas,South 24 Parganas Cyclone Camp Cluster,Cyclone/Flood,"Diamond Harbour DC Office, South 24 Parganas – 743331",22.2085,88.621,15000,12000,Temporary Flood Camp,2021 West Bengal Floods (Yaas),CEEW 2021: South 24 Parganas cyclone hotspot; Yaas 15L evacuated WB
West Bengal,Birbhum,Birbhum Flood Relief Camp,Flood,"Suri DC Office, Birbhum – 731101",23.9073,87.536,5000,4000,Temporary Flood Camp,2021 & 2024 West Bengal Floods,MHA NERC Sep 2024: Birbhum in 13-district list; CEEW flood hotspot
West Bengal,Nadia,Nadia Flood Camp Cluster,Flood,"Krishnagar DC Office, Nadia – 741101",23.4737,88.5592,6000,5000,Temporary Flood Camp,2024 West Bengal Floods,MHA NERC Sep 2024: Nadia in 13-district deep flood area; Mathabhanga-Churni-Ichamati system
West Bengal,Murshidabad,Murshidabad Ganga Flood Camp,Flood,"Berhampore DC Office, Murshidabad – 742101",24.1761,88.2668,5000,4000,Temporary Flood Camp,2022 West Bengal Floods,FloodList / NERC: Murshidabad Ganga spate; annual flood district
West Bengal,Paschim Bardhaman,Asansol-Raniganj Flood Camp,Flood,"Asansol Municipal Corp, Paschim Bardhaman – 713301",23.685,86.9624,5000,4000,Temporary Flood Camp,2021 West Bengal Floods,"FloodList Oct 2021: Asansol 340mm, Raniganj 400mm in 24hrs; Damodar Valley spate"
West Bengal,Purba Bardhaman,Purba Bardhaman DVC Flood Camp,Flood,"Burdwan DC Office, Purba Bardhaman – 713101",23.2324,87.8669,8000,6500,Temporary Flood Camp,2024 West Bengal Floods,Wikipedia 2024 WB floods: Purba Bardhaman listed first in 6 districts; DVC discharge
West Bengal,Jhargram,Jhargram Flood Camp,Flood,Jhargram DC Office – 721507,22.4512,86.988,3000,2500,Temporary Flood Camp,2021 West Bengal Floods,FloodList Oct 2021: Jhargram in 12 affected districts
West Bengal,Cooch Behar,Cooch Behar Teesta Flood Camp,Flood,Cooch Behar DC Office – 736101,26.3249,89.4461,4000,3200,Temporary Flood Camp,2022 & 2023 West Bengal Floods,CEEW 2021: Cooch Behar extreme flood hotspot; Teesta/Torsa/Jaldhaka rivers
West Bengal,Malda,Malda Ganga Flood Relief Camp,Flood,"Malda DC Office, English Bazaar – 732101",25.0112,88.14,4000,3000,Temporary Flood Camp,2022 West Bengal Floods,WBIWD.gov.in: Mahananda-Ganga backwater flooding Malda; annual flood zone
West Bengal,Jalpaiguri,Jalpaiguri Teesta Flood Camp,Flood,Jalpaiguri DC Office – 735101,26.5425,88.7179,4000,3000,Temporary Flood Camp,2023 West Bengal Floods,CEEW: Jalpaiguri extreme flood hotspot; Teesta floods annually
Tamil Nadu,Chennai,Chennai Flood Relief Camps 2015 (major cluster),Flood,"Corporation of Chennai, Ripon Building, Park Town – 600003",13.0827,80.2707,200000,150000,Temporary Flood Camp,2015 South India Floods,Wikipedia 2015 South India floods: 6605 camps state-wide; most in Chennai; 490mm Tambaram 1 Dec
Tamil Nadu,Cuddalore,Cuddalore Kedilam River Flood Camps,Flood,"Cuddalore Collectorate, Beach Road – 607001",11.748,79.7714,30000,25000,Temporary Flood Camp,2015 South India Floods,Wikipedia 2015 floods: Cuddalore Kanchipuram Thiruvallur most camps; Cuddalore persistent 2 weeks
Tamil Nadu,Thiruvallur,Thiruvallur Flood Relief Camps Cluster,Flood,Tiruvallur DC Office – 602001,13.1231,79.8826,25000,20000,Temporary Flood Camp,2015 South India Floods,Wikipedia 2015 floods: Thiruvallur major camp district; 600 boats deployed
Tamil Nadu,Kancheepuram,Kanchipuram Palar River Flood Camps,Flood,"Kanchipuram DC Office, Main Road – 631501",12.8307,79.702,20000,15000,Temporary Flood Camp,2015 South India Floods,Wikipedia: Chengalpattu inundated 7m deep; 98 deaths Kancheepuram district
Tamil Nadu,Villupuram,Villupuram Flood Camp Cluster,Flood,"Villupuram DC Office, Anna Nagar – 605602",11.9401,79.4861,10000,8000,Temporary Flood Camp,2015 & 2023 South India Floods,Wikipedia 2015: Villupuram 10cm rain 4-5 Dec; 2023 Dec waterlogging at new bus stand (PTI)
Tamil Nadu,Thoothukudi,Thoothukudi Flood Relief Camp,Flood,Thoothukudi DC Office – 628001,8.7641,78.1348,8000,6500,Temporary Flood Camp,2023 Tamil Nadu Floods (Dec),TNFRS Dec 2023: rescue operations Thoothukudi 16-24 Dec; 6975 lives rescued total across 4 districts
Tamil Nadu,Tirunelveli,Tirunelveli Tamirabarani Flood Camp,Flood,"Tirunelveli DC Office, Palayamkottai – 627001",8.7139,77.7567,8000,6500,Temporary Flood Camp,2023 Tamil Nadu Floods (Dec),TNFRS Dec 2023: rescue in Tirunelveli; FloodList: 843 in 17 shelters when Tamirabarani overflowed
Tamil Nadu,Kanyakumari,Kanyakumari Flood Relief Camp,Flood,"Kanyakumari DC Office, Nagercoil – 629001",8.0883,77.5385,5000,4000,Temporary Flood Camp,2015 & 2023 South India Floods,Wikipedia 2015: Kanyakumari ₹2.2M contributed; TNFRS Dec 2023 operations
Tamil Nadu,Tenkasi,Tenkasi Flood Relief Camp,Flood,Tenkasi DC Office – 627811,8.9094,77.312,5000,4000,Temporary Flood Camp,2023 Tamil Nadu Floods (Dec),TNFRS Dec 2023: rescue in Tenkasi; heavy rainfall heavy runoff
Tamil Nadu,Thanjavur,Thanjavur Cauvery Delta Flood Camp,Flood,"Thanjavur DC Office, Hospital Road – 613001",10.787,79.1378,8000,6500,Temporary Flood Camp,2015 & 2023 South India Floods,Testbook TN Floods: Thanjavur Cauvery delta flood-prone; annual monsoon camp
Tamil Nadu,Nagapattinam,Nagapattinam Coastal Flood Camp,Cyclone/Flood,Nagapattinam DC Office – 611001,10.7672,79.8449,5000,4000,Temporary Flood Camp,2015 South India Floods,"Testbook: Nagapattinam low-lying coastal, Bay of Bengal proximity; annual camp zone"
Tamil Nadu,Tiruchirappalli,Tiruchirappalli Kaveri Flood Camp,Flood,"Tiruchirappalli DC Office, Ariyamangalam – 620001",10.7905,78.7047,5000,4000,Temporary Flood Camp,2015 South India Floods,Testbook: Tiruchirappalli Kaveri River overflow flood-prone; annual camp
Tamil Nadu,Tiruvarur,Tiruvarur Cauvery Delta Camp,Flood,Tiruvarur DC Office – 610001,10.7626,79.6347,5000,4000,Temporary Flood Camp,2015 South India Floods,Wikipedia 2015: Tiruvarur up to 10cm rain 4-5 Dec
Tamil Nadu,Chengalpattu,Chengalpattu Palar Flood Camp,Flood,"Chengalpattu DC Office, GST Road – 603001",12.6902,79.9736,8000,6500,Temporary Flood Camp,2015 South India Floods,Wikipedia 2015: Chengalpattu inundated 7m deep; roads severed
Bihar,Darbhanga,Darbhanga Bagmati Flood Relief Camps,Flood,"Darbhanga DC Collectorate, Tower Chowk – 846004",26.1522,85.8987,15000,12000,Temporary Flood Camp,2020 & 2024 Bihar Floods,ETV Bharat Jul 2020: Darbhanga 7L affected; CM inspected camp/kitchen; ScienceDirect 2024: Darbhanga worst 2001-22
Bihar,Muzaffarpur,Muzaffarpur Bagmati Flood Camp,Flood,"Muzaffarpur DC Collectorate, Club Road – 842001",26.1197,85.391,12000,10000,Temporary Flood Camp,2020 Bihar Floods,Down to Earth 2024: Muzaffarpur worst-hit; 3.20L people; NDRF/SDRF ops
Bihar,East Champaran,East Champaran Gandak Flood Camp,Flood,"East Champaran DC Office, Motihari – 845401",26.6581,84.9196,10000,8000,Temporary Flood Camp,2020 Bihar Floods,ETV Bharat: East Champaran 7L+; NDRF evacuated from Gopalganj Saran E.Champ
Bihar,Sitamarhi,Sitamarhi Bagmati Flood Camp,Flood,Sitamarhi DC Office – 843301,26.591,85.4887,8000,6500,Temporary Flood Camp,2020 Bihar Floods,National Herald Jul 2020: Sitamarhi among 8 districts; Bagmati above danger Katounjha
Bihar,Supaul,Supaul Kosi Flood Relief Camp,Flood,"Supaul DC Office, Kosi Embankment Road – 852131",26.1166,86.5985,5000,3000,Temporary Flood Camp,2020 Bihar Floods,"National Herald Jul 2020: 2 camps Supaul housing 1,063 total; Kosi river area"
Bihar,Gopalganj,Gopalganj Gandak Flood Camp,Flood,Gopalganj DC Office – 841301,26.4748,84.4377,5000,3500,Temporary Flood Camp,2020 Bihar Floods,National Herald: 3 camps Gopalganj; 8 community kitchens; NDRF ops Gopalganj
Bihar,Saharsa,Saharsa Kosi Flood Camp,Flood,Saharsa DC Office – 852201,25.8787,86.5978,5000,4000,Temporary Flood Camp,2020 & 2024 Bihar Floods,Down to Earth 2024: Saharsa worst-hit; embankment breach; 8 panchayats Madhepura to shift
Bihar,Madhubani,Madhubani Kamla Balan Flood Camp,Flood,Madhubani DC Office – 847211,26.368,86.0738,8000,6500,Temporary Flood Camp,2020 Bihar Floods,ScienceDirect: Madhubani 50% total damage share; Kamla Balan above danger Jhanjharpur
Bihar,West Champaran,West Champaran Gandak Flood Camp,Flood,"West Champaran DC Office, Bettiah – 845438",27.0248,84.403,6000,5000,Temporary Flood Camp,2020 Bihar Floods,ETV Bharat: Bettiah flooded; water level constantly rising; NDRF deployed West Champ
Bihar,Sheohar,Sheohar Bagmati Flood Camp,Flood,Sheohar DC Office – 843329,26.5173,85.295,3000,2500,Temporary Flood Camp,2020 Bihar Floods,National Herald: Sheohar among 8 districts; Bagmati rising
Bihar,Purnea,Purnea Mahananda Flood Camp,Flood,Purnea DC Office – 854301,25.7771,87.4753,5000,4000,Temporary Flood Camp,2024 Bihar Floods,Down to Earth Oct 2024: Purnea worst-hit among 18 districts; Mahananda above danger Dhengraghat
Bihar,Khagaria,Khagaria Kosi Flood Camp,Flood,Khagaria DC Office – 851204,25.5016,86.4665,4000,3200,Temporary Flood Camp,2020 Bihar Floods,"Business Standard 2020: Khagaria in 16 flood districts; 11,849 in camps; Kosi above danger"
Bihar,Saran,Saran Gandak Flood Camp,Flood,"Saran DC Office, Chapra – 841301",25.9146,84.746,4000,3200,Temporary Flood Camp,2020 Bihar Floods,ETV Bharat: Saran in 11 districts; NDRF ops Saran
Bihar,Samastipur,Samastipur Flood Camp,Flood,Samastipur DC Office – 848101,25.8722,85.7806,4000,3000,Temporary Flood Camp,2020 Bihar Floods,ScienceDirect: Samastipur 50% damage share; Business Standard 2020 16-district list
Bihar,Madhepura,Madhepura Kosi Flood Camp,Flood,Madhepura DC Office – 852113,25.9205,86.7924,4000,3200,Temporary Flood Camp,2024 Bihar Floods,Down to Earth: 18-district 2024 list; 8 panchayats Madhepura to shift if Kosi exceeds 2L cusecs
Bihar,Araria,Araria Mahananda Flood Camp,Flood,Araria DC Office – 854311,26.1494,87.4729,3000,2500,Temporary Flood Camp,2024 Bihar Floods,Down to Earth: Araria in 18 districts 2024; Mahananda spate
Bihar,Kishanganj,Kishanganj Mahananda Flood Camp,Flood,Kishanganj DC Office – 855107,26.0968,87.9474,3000,2500,Temporary Flood Camp,2020 Bihar Floods,National Herald: Kishanganj among 8 districts 2020
Bihar,Katihar,Katihar Flood Camp,Flood,Katihar DC Office – 854105,25.5413,87.5682,3000,2500,Temporary Flood Camp,2024 Bihar Floods,Down to Earth: Katihar in 18 districts Oct 2024
Uttarakhand,Rudraprayag,Kedarnath Pilgrims Relief Camp Rudraprayag,Flood/Landslide,"Gaurikund, On Road to Kedarnath, Rudraprayag – 246001",30.6296,79.0689,15000,10000,Temporary Flood Camp,2013 Uttarakhand Floods,Operation Surya Hope Wikipedia: 5 NDRF teams 174 personnel in Rudraprayag; 1295 rescued from Kedarnath
Uttarakhand,Chamoli,Joshimath-Tapovan Relief Camp,Flash Flood,"ITBP Camp, Joshimath, Chamoli – 246443",30.5564,79.5651,3000,2000,Temporary Flood Camp,2021 Uttarakhand Flood (Chamoli),Wikipedia 2021 UK flood: Tapovan Vishnugad dam washed away; 176 workers trapped; 300 killed/missing
Uttarakhand,Chamoli,Rini Village Relief Camp,Flash Flood,"Rini Village, Niti Valley, Chamoli – 246444",30.58,79.52,500,300,Temporary Flood Camp,2021 Uttarakhand Flood,Wikipedia: Bridge to 13 villages washed; Reni village headman cited; villagers evacuated
Uttarakhand,Uttarkashi,Uttarkashi Bhagirathi Flood Camp,Flood/Landslide,"Uttarkashi DC Office, Tehri Road – 249193",30.7268,78.4354,3000,2500,Temporary Flood Camp,2013 Uttarakhand Floods,Operation Surya Hope: Uttarkashi-Harsil-Gangotri axis; 7219 rescued from Uttarkashi
Uttarakhand,Tehri Garhwal,Tehri Flood Relief Camp,Flood/Landslide,"Devprayag Town, NH-58, Tehri Garhwal – 249301",30.3652,78.6094,2000,1600,Temporary Flood Camp,2013 & 2025 Uttarakhand Floods,Operation Surya Hope: 2000 rescued from Tehri; 2025 Aug Budha Kedar structures buried
Uttarakhand,Pithoragarh,Pithoragarh Flood Relief Camp,Flood/Landslide,Pithoragarh DC Office – 262501,29.583,80.2167,2000,1500,Temporary Flood Camp,2013 Uttarakhand Floods,Operation Surya Hope: 3000 rescued from Pithoragarh; Kumaon region
Uttarakhand,Haridwar,Haridwar Ganga Flood Camp,Flood,"Haridwar DC Office, Ranipur More – 249401",29.9457,78.1642,5000,4000,Temporary Flood Camp,2013 Uttarakhand Floods,Wikipedia 2021: flood alerts for Haridwar; NDRF 3 teams at Haridwar; dam emptied to stop flood
Uttarakhand,Pauri Garhwal,Pauri Garhwal Alaknanda Flood Camp,Flood,"Pauri DC Office, Pauri Garhwal – 246001",30.149,78.775,2000,1500,Temporary Flood Camp,2021 & 2025 Uttarakhand Floods,Chamoli Wikipedia: flood alerts for Pauri-Garhwal; 2025 Badrinath NH blocked Nandprayag-Kameda
Uttarakhand,Bageshwar,Bageshwar Cloudburst Camp,Flood/Cloudburst,Bageshwar DC Office – 263642,29.8378,79.7717,1500,1000,Temporary Flood Camp,2025 Uttarakhand Floods,The Federal Aug 30 2025: Bageshwar red alert; rescue teams assist locals after cloudburst
Uttarakhand,Dehradun,Dehradun Urban Flood Camp,Flood,"Dehradun DC Office, Nehru Colony – 248001",30.3165,78.0322,3000,2500,Temporary Flood Camp,2013 Uttarakhand Floods,Operation Surya Hope: 1 NDRF team in Dehradun; Jolly Grant airport NDRF team
Uttarakhand,Almora,Almora Flood Camp,Flood,"Almora DC Office, The Mall – 263601",29.5971,79.6527,1500,1000,Temporary Flood Camp,2021 Uttarakhand Floods,MDPI 2022 Flood Mgmt Uttarakhand: Almora increasing rainfall trend; Oct 2021 landslides Kumaon
Uttarakhand,Nainital,Nainital Flood Relief Camp,Flood,"Nainital DC Office, Mallital – 263001",29.3919,79.4542,2000,1500,Temporary Flood Camp,2021 Uttarakhand Floods,ISRO Landslide Atlas 2023: Nainital 2% landslide vulnerability; Kumaon Oct 2021 event
Himachal Pradesh,Mandi,Mandi Beas River Flood Camp,Flood/Landslide,"Mandi DC Office, Indira Market – 175001",31.716,76.932,10000,8000,Temporary Flood Camp,2023 Himachal Pradesh Floods,Sphere India SitRept Jul 2023: Mandi-Kullu-Shimla 3 major affected; Pandoh Dam 990MW; Shanan HEP flooded
Himachal Pradesh,Kullu,Kullu Beas Valley Flood Camp,Flood/Landslide,"Kullu DC Office, Akhara Bazar – 175101",31.9579,77.1099,10000,8000,Temporary Flood Camp,2023 Himachal Pradesh Floods,"Wikipedia 2023 North India floods: Manali roads swept; 75,000 tourists evacuated; Kullu worst in heatmap"
Himachal Pradesh,Shimla,Shimla Landslide Flood Camp,Landslide/Flood,"Shimla DC Office, Cart Road – 171001",31.1048,77.1734,8000,6500,Temporary Flood Camp,2023 Himachal Pradesh Floods,ReliefWeb Jun 2023: 60 fatalities 15 Aug Shimla; Himdhara 2025: 20 died in single landslide 14 Aug; temple destroyed
Himachal Pradesh,Kangra,Kangra Beas Valley Flood Camp,Flood,"Kangra DC Office, Dharamsala – 176215",32.0998,76.2691,6000,5000,Temporary Flood Camp,2023 Himachal Pradesh Floods,Sphere India HP JRNA: Kangra low-lying flood damage; Natural Environmental Health Assoc working in Kangra
Himachal Pradesh,Solan,Solan Flood Camp,Flood/Landslide,"Solan DC Office, The Mall – 173212",30.9045,77.0967,4000,3200,Temporary Flood Camp,2023 Himachal Pradesh Floods,HPSDMA PDNA 2023: Solan 845 houses completely damaged; CASA engaged in Solan
Himachal Pradesh,Chamba,Chamba Flood Camp,Flood/Landslide,"Chamba DC Office, Court Road – 176310",32.5532,76.1284,4000,3000,Temporary Flood Camp,2023 Himachal Pradesh Floods,Himdhara 2025: Chamba followed Kullu Shimla Mandi in severity; Kuther HEP 240MW damaged Jul 2023
Himachal Pradesh,Kinnaur,Kinnaur Flood Camp,Flood/Landslide,"Kinnaur DC Office, Reckong Peo – 172107",31.588,78.446,2000,1500,Temporary Flood Camp,2023 Himachal Pradesh Floods,Sphere India: CASA engaged in Kinnaur; Himdhara: high vulnerability district; 28 Lahaul-Spiti landslides
Himachal Pradesh,Sirmaur,Sirmaur Flood Camp,Flood/Landslide,"Sirmaur DC Office, Nahan – 173001",30.5689,77.4671,3000,2500,Temporary Flood Camp,2023 Himachal Pradesh Floods,HPSDMA SitRept Jul 2023: heavy rain Sirmaur-Mandi 23-24 Aug; DFY response
Himachal Pradesh,Hamirpur,Hamirpur Flood Camp,Flood,Hamirpur DC Office – 177001,31.6862,76.5227,3000,2500,Temporary Flood Camp,2023 Himachal Pradesh Floods,DFY: Hamirpur most affected districts; Dhaulasidh HEP 66MW damaged; ReliefWeb Jun-Sep 2023
Himachal Pradesh,Una,Una Flood Camp,Flood,Una DC Office – 174303,31.4684,76.2701,2000,1600,Temporary Flood Camp,2023 Himachal Pradesh Floods,ReliefWeb Jun 2023: Una bridges roads destroyed; HPSDMA
Himachal Pradesh,Bilaspur,Bilaspur Flood Relief Camp,Flood,Bilaspur DC Office – 174001,31.3314,76.7609,2000,1600,Temporary Flood Camp,2023 Himachal Pradesh Floods,ReliefWeb Jun 2023: Bilaspur listed among bridges roads damaged districts
Himachal Pradesh,Lahaul and Spiti,Sissu-Lahaul Flood Camp,Flood/Landslide,"Sissu Village, Lahaul and Spiti – 175124",32.4882,77.66,1500,1000,Temporary Flood Camp,2023 Himachal Pradesh Floods,HP SitRept Jul 2023: CM visited Sissu and Manali; 1200 sheep rescued in Lahaul-Spiti
Andhra Pradesh,Krishna,Krishna River Flood Camp Vijayawada,Flood,"Vijayawada Municipal Corp, MG Road – 520010",16.5062,80.648,20000,16000,Temporary Flood Camp,2022 & 2024 Andhra Pradesh Floods,NDRF deployed; Krishna River flooding; major evacuation Vijayawada annual
Andhra Pradesh,Godavari (West),West Godavari Flood Camp,Flood,"Eluru DC Office, West Godavari – 534001",16.7107,81.0952,8000,6500,Temporary Flood Camp,2022 Andhra Pradesh Floods,Godavari river overflow; West Godavari district annual flood
Andhra Pradesh,Godavari (East),East Godavari Rajamahendravaram Camp,Flood,"Rajamahendravaram DC Office, Kakinada Road – 533101",16.9891,82.2475,8000,6500,Temporary Flood Camp,2022 Andhra Pradesh Floods,Godavari backwater flooding Rajamahendravaram annually
Andhra Pradesh,Srikakulam,Srikakulam Cyclone/Flood Camp,Cyclone/Flood,"Srikakulam DC Office, Main Road – 532001",18.2949,83.8938,5000,4000,Temporary Flood Camp,2022 Andhra Pradesh Floods,Cyclone Asani 2022 landfall near Srikakulam coast
Andhra Pradesh,Alluri Sitharama Raju,Alluri Sitharama Raju Tribal Flood Camp,Flood,Rampachodavaram ITDA Office – 533288,17.6167,81.7,3000,2500,Temporary Flood Camp,2022 Andhra Pradesh Floods,Tribal agency area annual flooding; ITDA camps
Andhra Pradesh,Palnadu,Palnadu Nagarjuna Sagar Flood Camp,Flood,"Nagarjunasagar Project Area, Palnadu – 522601",16.4933,79.3011,5000,4000,Temporary Flood Camp,2022 Andhra Pradesh Floods,Krishna dam release downstream; Palnadu affected annually
Andhra Pradesh,Nandyal,Nandyal Tungabhadra Flood Camp,Flood,Nandyal DC Office – 518501,15.4788,78.4838,3000,2500,Temporary Flood Camp,2022 Andhra Pradesh Floods,Tungabhadra floods downstream; Nandyal annual event
Andhra Pradesh,Kurnool,Kurnool Tungabhadra-Handri Flood Camp,Flood,"Kurnool DC Office, TR Road – 518001",15.8281,78.0373,8000,6500,Temporary Flood Camp,2022 Andhra Pradesh Floods,Kurnool historically worst flood city AP; Tungabhadra+Handri junction
Karnataka,Belagavi,Belagavi Krishna Flood Camp,Flood,"Belagavi DC Office, Club Road – 590001",15.8497,74.4977,10000,8000,Temporary Flood Camp,2019 & 2021 Karnataka Floods,Annual Krishna River flooding; NDRF deployed Belagavi; 2021 Maharashtra adjacent overflow
Karnataka,Raichur,Raichur Krishna Flood Camp,Flood,"Raichur DC Office, Station Road – 584101",16.212,77.3566,8000,6500,Temporary Flood Camp,2019 Karnataka Floods,Krishna River overflow 2019; NDRF Raichur; downstream Maharashtra Sangli-Kolhapur flood
Karnataka,Yadgir,Yadgir Krishna Flood Camp,Flood,Yadgir DC Office – 585201,16.7552,77.1329,5000,4000,Temporary Flood Camp,2019 Karnataka Floods,Bhima-Krishna junction floods Yadgir; NDRF 2019
Karnataka,Dharwad,Dharwad Flood Camp,Flood,"Dharwad DC Office, PB Road – 580001",15.4589,75.0078,3000,2500,Temporary Flood Camp,2019 Karnataka Floods,North Karnataka floods 2019; Malaprabha spate
Karnataka,Haveri,Haveri Tungabhadra Flood Camp,Flood,"Haveri DC Office, PB Road – 581110",14.7962,75.4012,4000,3200,Temporary Flood Camp,2019 Karnataka Floods,Tungabhadra floods Haveri; NDRF 2019 Karnataka floods
Karnataka,Uttara Kannada,Uttara Kannada Coastal Flood Camp,Flood,"Karwar DC Office, Malpe Road, Uttara Kannada – 581301",14.8069,74.1288,4000,3200,Temporary Flood Camp,2019 Karnataka Floods,Coastal Karnataka flooding; Kaiga area inundation 2019
Karnataka,Dakshina Kannada,Dakshina Kannada Coastal Flood Camp,Flood,"DC Office, Lal Bagh, Mangaluru – 575001",12.9141,74.856,4000,3000,Temporary Flood Camp,2019 Karnataka Floods,Coastal flooding Mangaluru; annual monsoon relief camp
Karnataka,Udupi,Udupi Coastal Flood Camp,Flood,"Udupi DC Office, Manipal Road – 576101",13.3409,74.7421,3000,2500,Temporary Flood Camp,2019 Karnataka Floods,Coastal Karnataka flooding annual; Udupi district
Rajasthan,Jalore,Jalore Luni River Flood Camp,Flood,"Jalore DC Office, Station Road – 343001",24.7481,72.6147,5000,4000,Temporary Flood Camp,2023 Rajasthan Floods,Luni River flooding; Jalore worst-hit 2023
Rajasthan,Pali,Pali Luni Flood Camp,Flood,"Pali DC Office, Sojati Gate – 306401",25.7749,73.3244,4000,3200,Temporary Flood Camp,2023 Rajasthan Floods,Luni overflow Pali; NDRF deployed 2023
Rajasthan,Sirohi,Sirohi Flood Camp,Flood,Sirohi DC Office – 307001,24.8861,72.7032,3000,2500,Temporary Flood Camp,2023 Rajasthan Floods,Sirohi heavy rainfall 2023; Mount Abu area
Rajasthan,Tonk,Tonk Banas Flood Camp,Flood,"Tonk DC Office, Jaipur Road – 304001",26.1638,75.7882,3000,2500,Temporary Flood Camp,2022 Rajasthan Floods,Banas River overflow Tonk; NDRF 2022
Rajasthan,Sawai Madhopur,Sawai Madhopur Chambal Flood Camp,Flood,Sawai Madhopur DC Office – 322001,26.0088,76.3505,3000,2500,Temporary Flood Camp,2022 Rajasthan Floods,Chambal/Banas flood 2022; Sawai Madhopur
Rajasthan,Kota,Kota Chambal Dam Downstream Camp,Flood,"Kota DC Office, Aerodrome Circle – 324001",25.1802,75.8069,8000,6500,Temporary Flood Camp,2019 & 2022 Rajasthan Floods,Chambal River Kota barrage discharge; annual event; NDRF teams
Rajasthan,Dungarpur,Dungarpur Mahi Tribal Flood Camp,Flood,"Dungarpur DC Office, Station Road – 314001",23.8441,73.7146,3000,2500,Temporary Flood Camp,2022 Rajasthan Floods,Mahi River flood; Dungarpur tribal areas
Madhya Pradesh,Hoshangabad (Narmadapuram),Narmadapuram Narmada Flood Camp,Flood,"Narmadapuram DC Office, Hoshangabad – 461001",22.748,77.7218,8000,6500,Temporary Flood Camp,2019 & 2022 MP Floods,Narmada River flooding; Narmadapuram annual flood camp hub
Madhya Pradesh,Khandwa,Khandwa Narmada Flood Camp,Flood,"Khandwa DC Office, Civil Lines – 450001",21.831,76.3488,5000,4000,Temporary Flood Camp,2022 MP Floods,Narmada Omkareshwar dam release; Khandwa downstream
Madhya Pradesh,Burhanpur,Burhanpur Tapti Flood Camp,Flood,Burhanpur DC Office – 450331,21.3093,76.2422,5000,4000,Temporary Flood Camp,2019 MP Floods,Tapti River flood; Burhanpur adjacent Maharashtra
Madhya Pradesh,Rewa,Rewa Tons Flood Camp,Flood,"Rewa DC Office, Civil Lines – 486001",24.5362,81.2959,4000,3200,Temporary Flood Camp,2022 MP Floods,Tons River flooding Rewa; NDRF ops
Madhya Pradesh,Sagar,Sagar Flood Camp,Flood,"Sagar DC Office, Civil Lines – 470001",23.8388,78.7378,3000,2500,Temporary Flood Camp,2022 MP Floods,Central MP flooding 2022; Dhasan Sunar rivers
Madhya Pradesh,Sheopur,Sheopur Chambal Flood Camp,Flood,Sheopur DC Office – 476337,25.669,76.7041,4000,3200,Temporary Flood Camp,2022 MP Floods,Chambal River flooding Sheopur; Rajasthan-MP border area
Uttar Pradesh,Ballia,Ballia Ganga Flood Camp,Flood,"Ballia DC Office, Civil Lines – 277001",25.7479,84.1398,10000,8000,Temporary Flood Camp,2022 & 2024 UP Floods,Ganga-Ghaghra junction Ballia; annual flood; fresh flood alarm 2025 (The Federal)
Uttar Pradesh,Basti,Basti Ghaghra Flood Camp,Flood,Basti DC Office – 272001,26.8,82.7186,6000,5000,Temporary Flood Camp,2022 UP Floods,Ghaghra River flooding; Basti annual flood zone
Uttar Pradesh,Azamgarh,Azamgarh Ghaghra Flood Camp,Flood,"Azamgarh DC Office, Civil Lines – 276001",26.0474,83.1843,6000,5000,Temporary Flood Camp,2022 UP Floods,Ghaghra Saryu overflow; Azamgarh annual flood
Uttar Pradesh,Sitapur,Sitapur Ghaghra-Chauka Flood Camp,Flood,Sitapur DC Office – 261001,27.5706,80.6832,5000,4000,Temporary Flood Camp,2022 UP Floods,Chauka Ghaghra overflow; Sitapur flood zone
Uttar Pradesh,Lakhimpur Kheri,Lakhimpur Kheri Sharda Flood Camp,Flood,Lakhimpur DC Office – 262701,27.9509,80.7826,8000,6500,Temporary Flood Camp,2022 & 2024 UP Floods,Sharda River; Lakhimpur Kheri border Nepal worst annual UP flood
Uttar Pradesh,Bahraich,Bahraich Sharda Flood Camp,Flood,"Bahraich DC Office, Station Road – 271801",27.5706,81.5952,8000,6500,Temporary Flood Camp,2022 UP Floods,Sharda River flooding; Bahraich Nepal border; NDRF annual
Uttar Pradesh,Gonda,Gonda Saryu Flood Camp,Flood,Gonda DC Office – 271001,27.1303,81.9707,6000,5000,Temporary Flood Camp,2022 UP Floods,Saryu (Ghaghra) River; Gonda annual flood
Uttar Pradesh,Deoria,Deoria Ghaghra Flood Camp,Flood,"Deoria DC Office, Civil Lines – 274001",26.7425,83.7862,5000,4000,Temporary Flood Camp,2022 UP Floods,Ghaghra near Bihar border; Deoria flood zone
Uttar Pradesh,Siddharth Nagar,Siddharth Nagar Rapti Flood Camp,Flood,Siddharth Nagar DC Office – 272207,27.2952,83.0752,4000,3200,Temporary Flood Camp,2022 UP Floods,Rapti River flooding; Nepal-border district
Uttar Pradesh,Kushinagar,Kushinagar Gandak Flood Camp,Flood,Kushinagar DC Office – 274403,26.7418,83.8888,5000,4000,Temporary Flood Camp,2022 UP Floods,Gandak overflow; Kushinagar annual flood
Gujarat,Vadodara,Vadodara Vishwamitri Flood Camp,Flood,"Vadodara Municipal Corp, RC Dutt Road – 390007",22.3072,73.1812,15000,12000,Temporary Flood Camp,2019 & 2024 Gujarat Floods,Vishwamitri River flooding Vadodara; 2024 Aug massive urban inundation; NDRF ops
Gujarat,Surat,Surat Tapi Flood Camp,Flood,"Surat Municipal Corp, Muglisara – 395001",21.1702,72.8311,12000,10000,Temporary Flood Camp,2024 Gujarat Floods,Tapi River; NDRF Surat; 2024 Surat heavily flooded
Gujarat,Anand,Anand Mahi Flood Camp,Flood,"Anand DC Office, Station Road – 388001",22.5645,72.9289,6000,5000,Temporary Flood Camp,2019 Gujarat Floods,Mahi River overflow Anand; GSDMA ERC support
Gujarat,Kheda,Kheda Mahi Flood Camp,Flood,"Kheda DC Office, Nadiad – 387001",22.7333,72.6833,5000,4000,Temporary Flood Camp,2019 Gujarat Floods,Mahi River; Kheda low-lying areas
Gujarat,Bharuch,Bharuch Narmada Flood Camp,Flood,"Bharuch DC Office, Station Road – 392001",21.7051,72.9959,5000,4000,Temporary Flood Camp,2019 & 2022 Gujarat Floods,Narmada Sardar Sarovar discharge; Bharuch downstream
Gujarat,Rajkot,Rajkot Flood Camp,Flood,"Rajkot Municipal Corp, Jawahar Road – 360001",22.3039,70.8022,5000,4000,Temporary Flood Camp,2024 Gujarat Floods,Rajkot urban flooding 2024; 2024 Gujarat floods extensive
Gujarat,Junagadh,Junagadh Coastal Flood Camp,Cyclone/Flood,Junagadh DC Office – 362001,21.5222,70.4579,4000,3200,Temporary Flood Camp,2019 Cyclone Vayu,Cyclone Vayu June 2019 Gujarat coast; Junagadh evac; GSDMA
Gujarat,Kutch,Kutch Cyclone/Flood Camp,Cyclone/Flood,"Bhuj Municipal Corporation, Hamirsar Lake Road – 370001",23.242,69.6669,5000,4000,Temporary Flood Camp,2001 & 2019 Cyclone events,Kutch earthquake 2001 heritage; cyclone flood exposure; GSDMA ERC
Sikkim,North Sikkim,Chungthang GLOF Relief Camp,Flash Flood/GLOF,"Chungthang Sub-Division Office, North Sikkim – 737120",27.603,88.6404,3000,2000,Temporary Flood Camp,2023 Sikkim GLOF (Teesta),ReliefWeb ECHO Oct 2023: South Lhonak GLOF; 36 dead; 3845 evacuated in 22 camps; Chungthang dam washed
Sikkim,East Sikkim,Singtam-Rangpo Relief Camp,Flash Flood/GLOF,"Singtam Town, NH-10, East Sikkim – 737134",27.236,88.5022,2000,1500,Temporary Flood Camp,2023 Sikkim GLOF,Wikipedia Sikkim GLOF: Singtam severely hit; Army camp damaged; 22 camps total state
Sikkim,South Sikkim,South Sikkim GLOF Relief Camp,Flash Flood/GLOF,"Namchi DC Office, South Sikkim – 737126",27.1614,88.3667,1500,1000,Temporary Flood Camp,2023 Sikkim GLOF,"ECHO/NDMI: 4 districts affected; 87,300 total affected; ISRO landslide atlas: South Sikkim high-risk"
Sikkim,West Sikkim,West Sikkim Flood Camp,Flood,"Gyalshing DC Office, West Sikkim – 737111",27.2812,88.254,1000,800,Temporary Flood Camp,2023 Sikkim GLOF,4 districts listed in ECHO/NDMI Oct 2023 GLOF report
Jammu & Kashmir,Ramban,Ramban Landslide Camp,Landslide,"Ramban DC Office, Banihal Road – 182144",33.2362,75.2013,2000,1500,Temporary Relief Camp,2024 J&K Landslides,NH-44 landslide Ramban 2024; frequent disruption; NDRF rescue
Jammu & Kashmir,Reasi,Reasi Chenab Flood Camp,Flood/Landslide,Reasi DC Office – 182312,33.0822,74.8338,2000,1500,Temporary Flood Camp,2024 J&K Floods,Chenab River flooding; Reasi bridge collapse 2024
Jammu & Kashmir,Anantnag,Anantnag Jhelum Flood Camp,Flood,"Anantnag DC Office, Main Chowk – 192101",33.7267,75.1522,5000,4000,Temporary Flood Camp,2014 J&K Floods,2014 J&K floods: Jhelum overflow; worst in 100 years; 500+ dead
Jammu & Kashmir,Srinagar,Srinagar Jhelum Flood Camp (Municipal Schools),Flood,"Srinagar DC Office, Raj Bagh – 190008",34.09,74.8,15000,12000,Temporary Flood Camp,2014 J&K Floods,"2014 J&K floods: SK Cricket Stadium and Bakshi Stadium; 400,000 evacuated Srinagar"
Telangana,Bhadradri Kothagudem,Bhadradri Kothagudem Godavari Flood Camp,Flood,"Bhadrachalam Road, Kothagudem – 507101",17.557,80.627,8000,6500,Temporary Flood Camp,2022 & 2024 Telangana Floods,Godavari River Bhadrachalam annual severe flooding; NDRF ops annual
Telangana,Mulugu,Mulugu Godavari Tribal Flood Camp,Flood,Mulugu DC Office – 506342,18.195,80.012,5000,4000,Temporary Flood Camp,2022 Telangana Floods,Godavari upstream tribal; Mulugu worst flooded among Telangana
Telangana,Jayashankar Bhupalpally,Jayashankar Godavari Flood Camp,Flood,Bhupalpally DC Office – 506169,18.4451,79.9042,5000,4000,Temporary Flood Camp,2022 Telangana Floods,Godavari Sriramasagar backwater; Bhupalpally tribal flooding
Telangana,Nalgonda,Nalgonda Krishna Flood Camp,Flood,"Nalgonda DC Office, Station Road – 508001",17.0575,79.256,5000,4000,Temporary Flood Camp,2019 Telangana Floods,Krishna River flood Nalgonda; NDRF 2019
Tripura,West Tripura,Agartala Urban Flood Camp,Flood,"Agartala Municipal Corp, HGB Road – 799001",23.8315,91.2868,8000,7500,Temporary Flood Camp,2024 Tripura Floods,NDMA/media 2024: Agartala flooded Aug; pre-existing 8000/12000 data + 2024 heavy flooding confirmed
Tripura,Gomati,Gomati River Flood Relief Camp,Flood,"Udaipur Sub-Division Office, Gomati – 799120",23.537,91.4879,3000,2500,Temporary Flood Camp,2024 Tripura Floods,Gomati River flooding 2024; Udaipur affected
Tripura,South Tripura,South Tripura Feni River Flood Camp,Flood,"Sabroom Sub-Division Office, South Tripura – 799145",23.075,91.6875,2000,1600,Temporary Flood Camp,2024 Tripura Floods,Feni River Bangladesh-India border flooding South Tripura 2024
Jharkhand,Dumka,Dumka Mayurakshi Flood Camp,Flood,Dumka DC Office – 814101,24.2681,87.0792,4000,3200,Temporary Flood Camp,2022 Jharkhand Floods,Mayurakshi River flooding; Dumka Santhal Parganas area
Jharkhand,Pakur,Pakur Rajmahal Flood Camp,Flood,Pakur DC Office – 816107,24.639,87.8438,3000,2500,Temporary Flood Camp,2022 Jharkhand Floods,Rajmahal Hills adjacent; Ganga tributaries; Pakur low-lying
Jharkhand,Godda,Godda Flood Camp,Flood,Godda DC Office – 814133,24.8282,87.2098,2500,2000,Temporary Flood Camp,2022 Jharkhand Floods,Ganges plain fringe; Godda annual flood zone
Jharkhand,Lohardaga,Lohardaga Flood Camp,Flood,Lohardaga DC Office – 835302,23.438,84.694,2000,1600,Temporary Flood Camp,2022 Jharkhand Floods,Chotanagpur Plateau rivers; Lohardaga flash flood zone
Chhattisgarh,Bastar,Bastar Indravati Flood Camp,Flood,"Jagdalpur DC Office, Dharampura, Bastar – 494001",19.072,82.0197,4000,3200,Temporary Flood Camp,2022 Chhattisgarh Floods,Indravati River flooding Jagdalpur; annual event; tribal area
Chhattisgarh,Rajnandgaon,Rajnandgaon Seonath Flood Camp,Flood,"Rajnandgaon DC Office, Station Road – 491441",21.0972,81.0291,3000,2500,Temporary Flood Camp,2022 Chhattisgarh Floods,Seonath River overflow Rajnandgaon; NDRF ops 2022
Chhattisgarh,Korba,Korba Hasdeo Flood Camp,Flood,"Korba DC Office, Main Road – 495677",22.3595,82.7501,3000,2500,Temporary Flood Camp,2022 Chhattisgarh Floods,Hasdeo River flooding; Korba mining area flood
Manipur,Churachandpur,Churachandpur Flood Camp,Flood,Churachandpur DC Office – 795128,24.3256,93.6862,2000,1600,Temporary Flood Camp,2022 Manipur Floods,Annual Barak/Manipur River overflow; Churachandpur tribal area
Manipur,Bishnupur,Bishnupur Loktak Flood Camp,Flood,Bishnupur DC Office – 795126,24.747,93.818,2000,1500,Temporary Flood Camp,2022 Manipur Floods,Loktak lake overflow; Bishnupur low-lying phumdi area
Meghalaya,East Khasi Hills,Shillong Urban Flood Camp,Flood,"DC Office, Shillong, East Khasi Hills – 793001",25.5788,91.8933,3000,2500,Temporary Flood Camp,2022 Meghalaya Floods,Annual Shillong flood; highest rainfall zone globally (Cherrapunji nearby)
Meghalaya,South Garo Hills,South Garo Hills Flood Camp,Flood,"Baghmara DC Office, South Garo Hills – 794102",25.1974,90.6479,2000,1600,Temporary Flood Camp,2022 Meghalaya Floods,Brahmaputra tributary flooding South Garo Hills annual
Mizoram,Saiha,Saiha Flood Camp,Flood,Saiha DC Office – 796901,22.4878,92.9792,1000,800,Temporary Flood Camp,2022 Mizoram Floods,Kolodyne River; Saiha southernmost Mizoram annual flood
Mizoram,Champhai,Champhai Landslide Camp,Landslide,Champhai DC Office – 796321,23.4629,93.3228,1000,800,Temporary Relief Camp,2022 Mizoram Floods,Myanmar border; frequent landslides Champhai annual
Nagaland,Peren,Peren Doyang Flood Camp,Flood,"Peren DC Office, Nagaland – 797115",25.4784,89.8721,1500,1200,Temporary Flood Camp,2022 Nagaland Floods,Doyang River flooding; Peren district annual
Nagaland,Mon,Mon Flood Camp,Flood,"Mon DC Office, Nagaland – 798621",26.7235,95.0256,1500,1200,Temporary Flood Camp,2022 Nagaland Floods,Assam border; Mon flooding annual; Naga Hills
Arunachal Pradesh,Lower Siang,Pasighat Siang Flood Camp,Flood,"Pasighat DC Office, East Siang – 791102",28.0663,95.3269,3000,2500,Temporary Flood Camp,2022 Arunachal Pradesh Floods,Siang/Brahmaputra flooding Pasighat; annual worst-hit town
Arunachal Pradesh,Lohit,Lohit River Flood Camp,Flood,"Tezu DC Office, Lohit – 792001",27.9246,96.1706,2000,1600,Temporary Flood Camp,2022 Arunachal Pradesh Floods,Lohit River flooding Tezu; eastern Arunachal annual
Arunachal Pradesh,Tirap,Tirap Flood Camp,Flood,"Khonsa DC Office, Tirap – 786623",27.0227,95.3229,1500,1200,Temporary Flood Camp,2022 Arunachal Pradesh Floods,Tirap River; western Myanmar border district
Andaman & Nicobar,South Andaman,Port Blair Cyclone Relief Camp,Cyclone,"Aberdeen Bazaar, Port Blair – 744101",11.6234,92.7265,3000,2500,Cyclone Shelter,Cyclone Season Annual,NDMA permanent cyclone preparedness; Port Blair major cyclone shelter hub
Andaman & Nicobar,Car Nicobar,Car Nicobar Cyclone Camp,Cyclone/Tsunami,"Car Nicobar Village, Car Nicobar Island – 744301",9.15,92.8,1000,800,Cyclone Shelter,2004 Tsunami & Annual Cyclone,2004 Indian Ocean Tsunami: Car Nicobar military base camp; annual cyclone shelter
Andaman & Nicobar Islands,North & Middle Andaman,Andaman Islands Mahasen Evacuation Camp,Cyclone,Andaman Islands Mahasen Evacuation Camp,12.44,92.89,1200,1200,Cyclone Evacuation Shelter,Cyclone Mahasen 2013 (2013),IMD / NDMA May 2013
Andaman & Nicobar Islands,South Andaman,Andaman Islands Lehar Evacuation Camp,Cyclone,Andaman Islands Lehar Evacuation Camp,11.66,92.74,1500,1500,Cyclone Evacuation Shelter,Cyclone Lehar 2013 (2013),IMD / NDMA Dec 2013
Andhra Pradesh,Krishna,Krishna District Cyclone Helen Relief Camp,Cyclone,Krishna District Cyclone Helen Relief Camp,16.51,80.62,5000,5000,Cyclone Shelter / Government Building,Cyclone Helen 2013 (2013),IMD / NDMA Nov 2013
Andhra Pradesh,Nellore,Nellore Cyclone Lehar Relief Camp,Cyclone,Nellore Cyclone Lehar Relief Camp,14.44,79.98,2500,2500,Cyclone Shelter,Cyclone Lehar 2013 (2013),IMD / NDMA Dec 2013
Andhra Pradesh,Srikakulam,Srikakulam Phailin Relief Camps,Cyclone,Srikakulam Phailin Relief Camps,18.3,83.9,55000,55000,Cyclone Shelter / Government Building,Cyclone Phailin - Andhra Pradesh (2013),Wikipedia Phailin / IFRC DREF / ReliefWeb Oct 2013
Andhra Pradesh,Vizianagaram,Vizianagaram Phailin Relief Camp,Cyclone,Vizianagaram Phailin Relief Camp,18.1,83.4,25000,25000,Government School / Cyclone Shelter,Cyclone Phailin - Andhra Pradesh (2013),Wikipedia Phailin / ReliefWeb 2013
Andhra Pradesh,West Godavari,West Godavari Cyclone Helen Camp,Cyclone,West Godavari Cyclone Helen Camp,16.79,81.23,3500,3500,Cyclone Shelter,Cyclone Helen 2013 (2013),IMD / NDMA Nov 2013
Assam,Barpeta,Barpeta Flood Relief Camp 2013,Flood,Barpeta Flood Relief Camp 2013,26.32,91,9000,9000,Flood Relief Centre,Assam Monsoon Floods 2013 (2013),ASDMA 2013
Assam,Dhemaji,Dhemaji District Flood Camps 2013,Flood,Dhemaji District Flood Camps 2013,27.48,94.57,10000,10000,Government School / Elevated Land,Assam Monsoon Floods 2013 (2013),ASDMA / ReliefWeb 2013
Assam,Jorhat,Jorhat Flood Relief Camp 2013,Flood,Jorhat Flood Relief Camp 2013,26.75,94.2,7000,7000,Government Building / School,Assam Monsoon Floods 2013 (2013),ASDMA 2013
Assam,Lakhimpur,Lakhimpur Flood Camps 2013,Flood,Lakhimpur Flood Camps 2013,27.23,94.1,8500,8500,Flood Relief Camp / School,Assam Monsoon Floods 2013 (2013),ASDMA 2013
Bihar,Darbhanga,Darbhanga Flood Camp 2013,Flood,Darbhanga Flood Camp 2013,26.15,85.9,12000,12000,Government Building,Bihar Monsoon Floods 2013 (2013),MHA / Bihar SDMA 2013
Bihar,Madhubani,Madhubani Flood Camp 2013,Flood,Madhubani Flood Camp 2013,26.36,86.07,11000,11000,Flood Relief Camp,Bihar Monsoon Floods 2013 (2013),Bihar SDMA / MHA 2013
Bihar,Supaul,Supaul District Flood Camp 2013,Flood,Supaul District Flood Camp 2013,26.12,86.6,14000,14000,Flood Relief Camp / School / Embankment,Bihar Monsoon Floods 2013 (2013),ReliefWeb / MHA 2013
Himachal Pradesh,Kullu,Kullu District Emergency Relief Camp,Flood/Flash Flood,Kullu District Emergency Relief Camp,31.96,77.11,2000,2000,Emergency Relief Camp,2013 North India Floods - Himachal Pradesh (2013),Wikipedia 2013 North India Floods
Maharashtra,Jalgaon,Jalgaon Tapi Flood Relief Camp 2013,Flood,"Jalgaon, Bhusawal, Chopda",21,75.56,6000,6000,School / Community Hall,Maharashtra Monsoon Floods 2013 (2013),Maharashtra SDMP 2023; Wikipedia 2013 India floods; FloodList 2013
Maharashtra,Nandurbar,Nandurbar Adivasi Relief Camp 2013 (Most vulnerable MH district),Flood,"Nandurbar, Navapur, Akkalkuwa (Satpura-Sahyadri tribal belt)",21.37,74.24,9000,9000,School / Tribal ashram school,Maharashtra Monsoon Floods 2013 (2013),"Maharashtra SDMP 2023 (Nandurbar = most vulnerable MH district, followed by Dhule and Buldhana)"
Maharashtra,Nashik,Nashik Godavari Flood Relief Camp 2013,Flood,"Nashik city, Panchavati, Deolali Pravara",19.99,73.79,8000,8000,School / Community Hall,Maharashtra Monsoon Floods 2013 (2013),"Maharashtra SDMP 2023 (flood years: 2005, 2013, 2016, 2019, 2020, 2022); Wikipedia 2013 India floods"
Odisha,Balasore,Balasore Coastal Relief Camp - Cyclone Mahasen,Cyclone,Balasore Coastal Relief Camp - Cyclone Mahasen,21.49,86.93,2000,2000,Cyclone Shelter / Evacuation Camp,Cyclone Mahasen 2013 (2013),IMD / ReliefWeb May 2013
Odisha,Bhadrak,Bhadrak Post-Phailin Relief Camps,Cyclone/Flood,Bhadrak Post-Phailin Relief Camps,21.06,86.52,10000,10000,Flood Relief Camp,Cyclone Phailin Post-Flood (Odisha) (2013),OSDMA / DRM Effectiveness Report 2013
Odisha,Cuttack,Cuttack District Flood Camp 2013,Flood,Cuttack District Flood Camp 2013,20.45,85.88,6500,6500,Cyclone Shelter / School,Odisha Monsoon Floods 2013 (Pre-Phailin) (2013),OSDMA 2013
Odisha,Ganjam,Ganjam District Cyclone Relief Camps (Landfall District),Cyclone,Ganjam District Cyclone Relief Camps (Landfall District),19.3,84.86,85000,85000,Cyclone Shelter / Government School / Public Building,Cyclone Phailin - Landfall Gopalpur (2013),ReliefWeb / Wikipedia / IFRC DREF / ActionAid Oct 2013
Odisha,Ganjam,Ganjam Long-Term Rehabilitation Camp (ActionAid 92 villages),Flood,Ganjam Long-Term Rehabilitation Camp (ActionAid 92 villages),19.3,84.86,12000,12000,Rehabilitation Camp / Transitional Shelter,Odisha Post-Phailin Rehabilitation Phase (2013),ActionAid India Phailin Response / IFRC DREF Final Report
Odisha,Jagatsinghpur,Jagatsinghpur Phailin Relief Camp,Cyclone,Jagatsinghpur Phailin Relief Camp,20.26,86.17,18000,18000,Cyclone Shelter / School,Cyclone Phailin (2013),Wikipedia Phailin / OSDMA 2013 / DRM report
Odisha,Kendrapara,Kendrapara Phailin Relief Camps,Cyclone/Flood,Kendrapara Phailin Relief Camps,20.5,86.42,11000,11000,Cyclone Shelter / School,Cyclone Phailin Post-Flood (Odisha) (2013),OSDMA / IFRC DREF 2013
Odisha,Khordha,Khordha District Cyclone Relief Camps (incl. Bhubaneswar),Cyclone,Khordha District Cyclone Relief Camps (incl. Bhubaneswar),20.18,85.83,22000,22000,Cyclone Shelter / Government Building,Cyclone Phailin (2013),Wikipedia Phailin / OSDMA 2013
Odisha,Mayurbhanj,Mayurbhanj Flood Relief Camp (Post-Phailin),Cyclone/Flood,Mayurbhanj Flood Relief Camp (Post-Phailin),21.94,86.73,12000,12000,Flood Relief Camp,Cyclone Phailin Post-Flood (Odisha) (2013),ActionAid India Phailin Response / OSDMA Oct-Nov 2013
Odisha,Puri,Puri District Cyclone Camps,Cyclone,Puri District Cyclone Camps,19.81,85.83,35000,35000,Cyclone Shelter / Government Building / School,Cyclone Phailin (2013),Wikipedia Phailin / OSDMA / IFRC DREF 2013
Odisha,Puri,Puri Post-Phailin Rehabilitation (Pilgrimage city),Flood,Puri Post-Phailin Rehabilitation (Pilgrimage city),19.81,85.83,8000,8000,Rehabilitation Camp,Odisha Post-Phailin Rehabilitation Phase (2013),OSDMA / IFRC DREF 2013 Final Report
Uttar Pradesh,Bijnor,Bijnor District Flood Relief Camp,Flood,Bijnor District Flood Relief Camp,29.37,78.13,2000,2000,Flood Relief Camp,2013 North India Floods - Uttar Pradesh (2013),Wikipedia 2013 North India Floods
Uttar Pradesh,Varanasi,Varanasi Flood Relief Camp (Bodies washed downstream),Flood,Varanasi Flood Relief Camp (Bodies washed downstream),25.32,83.01,2500,2500,Flood Relief Camp,2013 North India Floods - Uttar Pradesh (2013),Wikipedia 2013 North India Floods / NDMA
Uttarakhand,Chamoli,Chamoli / Joshimath / Badrinath Evacuation Camp,Flood/Flash Flood/Landslide,Chamoli / Joshimath / Badrinath Evacuation Camp,30.42,79.33,12000,12000,Emergency Rescue / Relief Camp,2013 North India Floods - Kedarnath Disaster (2013),Wikipedia 2013 North India Floods / ITBP Operations
Uttarakhand,Pithoragarh,Pithoragarh Kali Valley Relief Camp,Flood/Flash Flood/Landslide,Pithoragarh Kali Valley Relief Camp,29.58,80.22,2500,2500,Emergency Relief Camp,2013 North India Floods - Kedarnath Disaster (2013),Wikipedia 2013 North India Floods / ITBP
Uttarakhand,Rudraprayag,Kedarnath / Gaurikund Base Relief Camp,Flood/Flash Flood/Landslide,Kedarnath / Gaurikund Base Relief Camp,30.48,79.07,18000,18000,Emergency Rescue / Relief Camp,2013 North India Floods - Kedarnath Disaster (Operation Surya Hope) (2013),Wikipedia 2013 North India Floods / Operation Surya Hope / NDMA
Uttarakhand,Tehri Garhwal,Tehri District Emergency Camp,Flood/Flash Flood/Landslide,Tehri District Emergency Camp,30.39,78.48,3000,3000,Emergency Relief Camp / Transit Camp,2013 North India Floods - Kedarnath Disaster (2013),Wikipedia 2013 North India Floods
Uttarakhand,Uttarkashi,Uttarkashi District Relief Camps (incl. Gangotri Yatra route),Flood/Flash Flood/Landslide,Uttarkashi District Relief Camps (incl. Gangotri Yatra route),30.73,78.45,8000,8000,Emergency Relief Camp / Transit Camp,2013 North India Floods - Kedarnath Disaster (2013),Wikipedia 2013 North India Floods / IAHV Relief Report
Andaman & Nicobar Islands,South Andaman,Andaman Islands Hudhud Evacuation Camp,Cyclone,Andaman Islands Hudhud Evacuation Camp,11.66,92.74,1500,1500,Government Facility / Cyclone Shelter,Cyclone Hudhud - Andaman Islands First Landfall (2014),Wikipedia Cyclone Hudhud 2014
Andhra Pradesh,East Godavari,East Godavari Hudhud Flood Camp,Cyclone,East Godavari Hudhud Flood Camp,17,82.24,25000,25000,Government School / Flood Shelter,Cyclone Hudhud (2014),ActionAid / APSDMA Oct 2014
Andhra Pradesh,Krishna,Krishna District Flood Camp 2014,Flood,Krishna District Flood Camp 2014,16.51,80.62,6500,6500,Government Building / School,Andhra Pradesh / Telangana Monsoon Floods 2014 (2014),ActionAid / APSDMA Oct 2014
Andhra Pradesh,Visakhapatnam,Visakhapatnam City Cyclone Relief Camps,Cyclone,Visakhapatnam City Cyclone Relief Camps,17.69,83.22,150000,150000,Cyclone Shelter / Government Building / School / Stadium,"Cyclone Hudhud - Direct Landfall Visakhapatnam (Category 4, 205 km/h) (2014)",Wikipedia Cyclone Hudhud / NDMA Oct 2014 / International Charter
Andhra Pradesh,Vizianagaram,Vizianagaram Hudhud Relief Camps,Cyclone,Vizianagaram Hudhud Relief Camps,18.1,83.4,40000,40000,Government Building / Cyclone Shelter,Cyclone Hudhud (2014),Wikipedia Cyclone Hudhud / ActionAid AP 2014
Assam,Barpeta,Barpeta Flood Camp 2014,Flood,Barpeta Flood Camp 2014,26.32,91,8500,8500,Flood Relief Centre,Assam Monsoon Floods 2014 (2014),ASDMA / ActionAid 2014
Assam,Dhemaji,Dhemaji Flood Camp 2014,Flood,Dhemaji Flood Camp 2014,27.48,94.57,9000,9000,Government School / Elevated Land,Assam Monsoon Floods 2014 (2014),ASDMA / ActionAid 2014
Assam,Jorhat,Jorhat Flood Camp 2014,Flood,Jorhat Flood Camp 2014,26.75,94.2,6500,6500,Government Building,Assam Monsoon Floods 2014 (2014),ASDMA 2014
Assam,Lakhimpur,Lakhimpur Flood Camp 2014,Flood,Lakhimpur Flood Camp 2014,27.23,94.1,8000,8000,Flood Shelter / School,Assam Monsoon Floods 2014 (2014),ASDMA 2014
Bihar,Darbhanga,Darbhanga Flood Camp 2014,Flood,Darbhanga Flood Camp 2014,26.15,85.9,11000,11000,Government School,Bihar Monsoon Floods 2014 (2014),Bihar SDMA 2014
Bihar,Madhubani,Madhubani Flood Camp 2014,Flood,Madhubani Flood Camp 2014,26.36,86.07,10000,10000,Flood Relief Camp,Bihar Monsoon Floods 2014 (2014),Bihar SDMA 2014
Bihar,Supaul,Supaul Flood Camp 2014,Flood,Supaul Flood Camp 2014,26.12,86.6,13000,13000,Embankment / Government School,Bihar Monsoon Floods 2014 (2014),Bihar SDMA / ActionAid 2014
Gujarat,Amreli,Amreli Coast Cyclone Evacuation Camp,Cyclone,Amreli Coast Cyclone Evacuation Camp,21.6,71.22,4000,4000,Cyclone Evacuation Shelter,Cyclone Nilofar - Precautionary Evacuation Gujarat (2014),IMD / NDMA Nov 2014
Gujarat,Porbandar,Porbandar Precautionary Cyclone Evacuation Camp,Cyclone,Porbandar Precautionary Cyclone Evacuation Camp,21.64,69.61,5000,5000,Cyclone Evacuation Shelter / Government Building,Cyclone Nilofar - Precautionary Evacuation Gujarat (2014),IMD / NDMA Nov 2014
Gujarat,Saurashtra (Rajkot),Rajkot District Drought Relief Camp 2014,Drought/Water Crisis,Rajkot District Drought Relief Camp 2014,22.3,70.78,2500,2500,Drought Relief Camp / Water Point,Gujarat Drought 2014 (2014),GSDMA 2014
Jammu & Kashmir,Anantnag,Anantnag District Relief Camps,Flood,Anantnag District Relief Camps,33.73,75.15,15000,15000,Government School / Elevated Area,2014 J&K Mega Floods (2014),Wikipedia J&K Floods 2014 / Slideshare Case Study
Jammu & Kashmir,Baramulla,Baramulla Relief Camp 2014,Flood,Baramulla Relief Camp 2014,34.2,74.34,12000,12000,Government Building / School,2014 J&K Mega Floods (2014),Slideshare J&K Flood Case Study 2014
Jammu & Kashmir,Budgam,Budgam District Relief Camp 2014,Flood,Budgam District Relief Camp 2014,33.99,74.72,10000,10000,Government School / Elevated Area,2014 J&K Mega Floods (2014),Slideshare J&K Flood Case Study 2014
Jammu & Kashmir,Jammu,Jammu City Flood Relief Camps,Flood,Jammu City Flood Relief Camps,32.73,74.87,42000,42000,Army Camp / Government Building / School,2014 J&K Mega Floods - Jammu Division (2014),ReliefWeb Dec 2014 / Wikipedia J&K Floods 2014
Jammu & Kashmir,Pulwama,Pulwama District Flood Relief Camp,Flood,Pulwama District Flood Relief Camp,33.87,74.9,9000,9000,Government Building,2014 J&K Mega Floods (2014),Wikipedia J&K Floods 2014
Jammu & Kashmir,Rajouri,Rajouri Relief Camp (Jammu Division),Flood,Rajouri Relief Camp (Jammu Division),33.37,74.31,6000,6000,Government School / Cantonment,2014 J&K Mega Floods (2014),Slideshare J&K Flood Case Study 2014
Jammu & Kashmir,Srinagar,"Srinagar City Relief Camps (Dalgate, Badami Bagh, Old Airfield, Sumbal, Avantipur, Jijamata Mandir)",Flood,"Srinagar City Relief Camps (Dalgate, Badami Bagh, Old Airfield, Sumbal, Avantipur, Jijamata Mandir)",34.08,74.8,37450,37450,Army Cantonment Shelter / Government Building / Raised Platforms,2014 J&K Mega Floods - Worst in 100 Years (Operation Megh Rahat) (2014),Wikipedia 2014 India-Pakistan Floods / ReliefWeb / PMC Study Dec 2014
Maharashtra,Pune,Malin Village Landslide Relief + Rehabilitation Camp 2014,Landslide,"Malin village, Ambegaon taluka, Pune (110 km from Pune city)",19.16,73.68,550,550,Temporary container shelters / nearby village,2014 Malin Landslide — Maharashtra's worst landslide in decades (2014),Wikipedia 2014 Malin Landslide; DNA India Jul 2014; ReliefWeb Jul 2014; GSI report 2015; ResearchGate Malin study 2015
Maharashtra,Pune,Pune Khadakwasla Flood Relief Camp 2014 (Post-Malin),Flood,"Pune city — Hadapsar, Kondhwa, Sinhagad Road",18.51,73.86,12000,12000,School / Community Hall,Maharashtra Monsoon Floods 2014 (Post-Malin Season) (2014),Maharashtra SDMP 2023; NDRF 5 Bn Pune press release Aug 2014
Odisha,Gajapati,Gajapati District Hudhud Relief Camp,Cyclone,Gajapati District Hudhud Relief Camp,19.37,84.03,12000,12000,Cyclone Shelter / Government School,Cyclone Hudhud - Odisha Impact (2014),Wikipedia Cyclone Hudhud / ActionAid 2014
Odisha,Koraput,Koraput Hudhud Relief Camp,Cyclone,Koraput Hudhud Relief Camp,18.81,82.71,9000,9000,Government Building / School,Cyclone Hudhud - Odisha Impact (2014),Wikipedia Cyclone Hudhud 2014
Telangana,Khammam,Khammam District Flood Camp 2014,Flood,Khammam District Flood Camp 2014,17.25,80.15,5500,5500,Government Building,Andhra Pradesh / Telangana Monsoon Floods 2014 (2014),ActionAid / Telangana SDMA Oct 2014
West Bengal,Darjeeling,Darjeeling-Kalimpong Landslide Relief Camps 2014 (Monsoon),Landslide,"Darjeeling town, Kalimpong, Kurseong, Mirik",27.04,88.26,8000,8000,School / Community Hall,2014 Darjeeling Monsoon Landslides (2014),NDMA Landslide page (Darjeeling chronic problem causing billions loss); FloodList 2014; Wikipedia Darjeeling
West Bengal,Malda,Malda Flood Camp 2014,Flood,Malda Flood Camp 2014,25.01,88.14,10000,10000,Flood Relief Camp / School,West Bengal Floods 2014 (2014),WBDMA / ActionAid 2014
Andhra Pradesh,Chittoor,Chittoor District Flood Relief Camps,Flood,Chittoor District Flood Relief Camps,13.22,79.1,10000,10000,Government School,2015 South India Mega Floods (2015),Wikipedia 2015 South India Floods
Andhra Pradesh,Guntur,Guntur Heatwave Cooling Camp 2015,Heatwave,Guntur Heatwave Cooling Camp 2015,16.3,80.45,4000,4000,Heatwave Cooling Centre / Medical Camp,India Heatwave 2015 - 2nd Deadliest in World History (2015),NDMA / Wikipedia 2015 India Heatwave
Andhra Pradesh,Guntur,Guntur District Cyclone Season Camp 2015,Cyclone/Flood,Guntur District Cyclone Season Camp 2015,16.3,80.45,4500,4500,Government Building / School,2015 AP Cyclone Season / Cyclone Mora Precursor Rains (2015),APSDMA 2015
Andhra Pradesh,Kurnool,Kurnool District Flood Camp 2015,Flood,Kurnool District Flood Camp 2015,15.83,78.05,5500,5500,Government Building,Andhra Pradesh Monsoon Floods 2015 (2015),APSDMA 2015
Andhra Pradesh,Nalgonda,Nalgonda Heatwave Camp 2015,Heatwave,Nalgonda Heatwave Camp 2015,17.05,79.27,3000,3000,Cooling Centre / Medical Relief Camp,India Heatwave 2015 (2015),NDMA 2015 Heatwave Report
Andhra Pradesh,Nellore,Nellore District Flood Camps (61 camps),Flood,Nellore District Flood Camps (61 camps),14.44,79.98,14000,14000,Government School / Elevated Area,2015 South India Mega Floods (2015),Wikipedia 2015 South India Floods
Assam,Barpeta,Barpeta Flood Camp 2015,Flood,Barpeta Flood Camp 2015,26.32,91,8000,8000,Flood Relief Centre,Assam Monsoon Floods 2015 (2015),ASDMA 2015
Assam,Dhemaji,Dhemaji Flood Camp 2015,Flood,Dhemaji Flood Camp 2015,27.48,94.57,9000,9000,Government School / Elevated Land,Assam Monsoon Floods 2015 (2015),ASDMA 2015
Assam,Lakhimpur,Lakhimpur Flood Camp 2015,Flood,Lakhimpur Flood Camp 2015,27.23,94.1,7500,7500,Flood Shelter,Assam Monsoon Floods 2015 (2015),ASDMA 2015
Bihar,Darbhanga,Darbhanga Flood Camp 2015,Flood,Darbhanga Flood Camp 2015,26.15,85.9,11000,11000,Government School,Bihar Monsoon Floods 2015 (2015),Bihar SDMA 2015
Bihar,Muzaffarpur,Muzaffarpur Flood Camp 2015,Flood,Muzaffarpur Flood Camp 2015,26.12,85.37,10000,10000,Government School,Bihar Monsoon Floods 2015 (2015),Bihar SDMA 2015
Bihar,Sitamarhi,Sitamarhi Earthquake Relief Camp,Earthquake,Sitamarhi Earthquake Relief Camp,26.59,85.49,3500,3500,Earthquake Relief Camp,2015 Nepal Earthquake (M7.8 Gorkha) - India Impact (2015),Wikipedia 2015 Nepal Earthquake / Bal Raksha Bharat
Bihar,Supaul,Supaul Flood Camp 2015,Flood,Supaul Flood Camp 2015,26.12,86.6,12000,12000,Embankment / Government School,Bihar Monsoon Floods 2015 (2015),Bihar SDMA 2015
Jammu & Kashmir,Srinagar,Srinagar Post-Flood Rehabilitation Camps 2015,Flood,Srinagar Post-Flood Rehabilitation Camps 2015,34.08,74.8,8000,8000,Rehabilitation Camp / Transitional Shelter,J&K Post-Flood Rehabilitation 2015 (Continuation from 2014 floods) (2015),ReliefWeb Dec 2014 / J&K Flood Response Bulletin
Maharashtra,Sangli,Sangli Flood Relief Camp 2015,Flood,Sangli Flood Relief Camp 2015,16.86,74.57,3200,3200,Government Building,Maharashtra Monsoon Floods 2015 (2015),MSDMA 2015
Manipur,Imphal West,Imphal West Flood Relief Camp 2015,Flood/Landslide,Imphal West Flood Relief Camp 2015,24.82,93.94,2500,2500,Government School,Manipur Monsoon Floods 2015 (2015),OCHA / MSDMA 2015
Nagaland,Dimapur,Nagaland Monsoon Landslide Relief Camp 2015,Landslide/Flood,"Dimapur, Chumukhedima, Medziphema",25.9,93.73,5000,5000,Government Building / School,2015 Nagaland Monsoon Landslides (2015),NDMA Landslide page (Nagaland NE region chronic); FloodList 2015; ReliefWeb NE India 2015
Odisha,Balasore,Balasore Cyclone Komen Relief Camp,Cyclone,Balasore Cyclone Komen Relief Camp,21.49,86.93,3500,3500,Cyclone Shelter,Cyclone Komen 2015 (2015),IMD / OSDMA 2015
Odisha,Bolangir,Bolangir Heatwave Camp 2015,Heatwave,Bolangir Heatwave Camp 2015,20.7,83.48,1500,1500,Heatwave Cooling Centre,India Heatwave 2015 (2015),NDMA 2015
Puducherry,Puducherry,Puducherry Flood Relief Camps 2015,Flood,Puducherry Flood Relief Camps 2015,11.93,79.83,7000,7000,Government School / Community Hall,2015 South India Mega Floods (2015),ActionAid / ReliefWeb 2015
Rajasthan,Churu,Churu Heatwave Cooling Camp 2015,Heatwave,Churu Heatwave Cooling Camp 2015,28.3,74.97,2000,2000,Cooling Centre / Medical Relief,India Heatwave 2015 (2015),NDMA 2015 / Wikipedia India Heatwave 2015
Tamil Nadu,Chennai,Chennai City Flood Relief Camps (80 centres by Corporation; 4500 in 24 camps by 2 Dec),Flood,Chennai City Flood Relief Camps (80 centres by Corporation; 4500 in 24 camps by 2 Dec),13.08,80.27,1764000,1764000,Government School / Community Hall / Arena / Poonamallee School Shelters,2015 South India Mega Floods - Chennai (1.8M displaced; 6605 relief centres) (2015),Wikipedia 2015 South India Floods / FloodList / ActionAid / ReliefWeb JNA / ArcGIS Analysis Dec 2015
Tamil Nadu,Cuddalore,Cuddalore District Flood Camps,Flood,Cuddalore District Flood Camps,11.74,79.75,35000,35000,Government School / Cyclone Shelter,2015 South India Mega Floods (2015),ActionAid Tamil Nadu 2015 / Mercy Relief / ReliefWeb
Tamil Nadu,Kanchipuram,Kanchipuram District Flood Relief Camps (99 camps; 23000 evacuated),Flood,Kanchipuram District Flood Relief Camps (99 camps; 23000 evacuated),12.83,79.7,23000,23000,Government School / Community Hall,2015 South India Mega Floods (2015),Wikipedia 2015 South India Floods / ReliefWeb JNA Dec 2015
Tamil Nadu,Tiruvallur,Tiruvallur District Flood Relief Camps (25 camps; 2000 evacuated),Flood,Tiruvallur District Flood Relief Camps (25 camps; 2000 evacuated),13.14,79.9,18501,18501,Government School,2015 South India Mega Floods (2015),Wikipedia 2015 South India Floods / ReliefWeb JNA Dec 2015
Tamil Nadu,Villupuram,Villupuram Flood Relief Camps,Flood,Villupuram Flood Relief Camps,11.93,79.49,20000,20000,Government School,2015 South India Mega Floods (2015),Mercy Relief / ActionAid 2015
Telangana,Hyderabad,Hyderabad Urban Heatwave Cooling Camps,Heatwave,Hyderabad Urban Heatwave Cooling Camps,17.38,78.47,5000,5000,Urban Cooling Centre / Medical Camp,India Heatwave 2015 (2015),NDMA / Wikipedia 2015 India Heatwave
Uttar Pradesh,Mahrajganj,Mahrajganj EQ Relief Camp (Nepal border),Earthquake,Mahrajganj EQ Relief Camp (Nepal border),27.15,83.54,2000,2000,Earthquake Relief Camp,2015 Nepal Earthquake - India Impact (2015),Wikipedia 2015 Nepal EQ / NDMA Apr 2015
Uttarakhand,Chamoli,Chamoli Flash Flood Relief Camp 2015,Flood/Landslide,Chamoli Flash Flood Relief Camp 2015,30.42,79.33,2000,2000,Relief Camp / NDRF Base Camp,Uttarakhand Monsoon Floods 2015 (Post-Nepal EQ season) (2015),USDMA 2015 / NDMA Post-Nepal EQ Report
Uttarakhand,Uttarkashi,Uttarkashi Flash Flood Camp 2015,Flood/Landslide,Uttarkashi Flash Flood Camp 2015,30.73,78.45,1500,1500,Relief Camp / Government School,Uttarakhand Monsoon Floods 2015 (2015),USDMA 2015
West Bengal,Murshidabad,Murshidabad Flood Camp 2015,Flood,Murshidabad Flood Camp 2015,24.18,88.27,8500,8500,Flood Relief Camp / School,West Bengal Monsoon Floods 2015 (2015),WBDMA 2015
West Bengal,North 24 Parganas,North 24 Parganas Cyclone Komen Camp,Cyclone,North 24 Parganas Cyclone Komen Camp,22.85,88.39,4500,4500,Cyclone Shelter / School,Cyclone Komen 2015 (2015),IMD / NDMA Jul-Aug 2015
Andaman & Nicobar Islands,South Andaman,Port Blair Evacuation Shelter,Cyclone,Port Blair Evacuation Shelter,11.66,92.74,1400,1400,Government Facility,Cyclone Vardah - Andaman Islands (2016),Wikipedia - Cyclone Vardah
Andhra Pradesh,Chittoor,Chittoor District Relief Camp,Cyclone,Chittoor District Relief Camp,13.22,79.1,1800,1800,Government Building,Cyclone Vardah (2016),FloodList / NDMA Dec 2016
Andhra Pradesh,Guntur,Guntur District Relief Camps,Flood,Guntur District Relief Camps,16.3,80.45,5500,5500,Government School,Andhra Pradesh Monsoon Floods 2016 (2016),APSDMA 2016
Andhra Pradesh,Krishna,Krishna District Relief Camp,Cyclone,Krishna District Relief Camp,16.51,80.62,2800,2800,Cyclone Shelter,Cyclone Roanu (2016),IMD / ReliefWeb May 2016
Andhra Pradesh,Kurnool,Kurnool District Relief Camps,Flood,Kurnool District Relief Camps,15.83,78.05,6000,6000,Government Building,Andhra Pradesh Monsoon Floods 2016 (2016),APSDMA 2016
Andhra Pradesh,Nellore,Nellore Coastal Relief Camps,Cyclone,Nellore Coastal Relief Camps,14.44,79.98,9400,9400,Cyclone Shelter/Government Building,Cyclone Vardah (2016),NDMA Sitrep-1 Dec 2016
Andhra Pradesh,Ongole (Prakasam),Ongole Heatwave Camp,Heatwave,Ongole Heatwave Camp,15.5,80.04,1200,1200,Cooling Centre / Medical Relief Camp,India Heatwave 2016 (2016),NDMA 2016 Heatwave Report
Arunachal Pradesh,East Siang,Pasighat Flood Relief Camp,Flood/Landslide,Pasighat Flood Relief Camp,28.07,95.33,1500,1500,Government Facility,Arunachal Pradesh Floods 2016 (2016),APDMA 2016
Assam,Barpeta,Barpeta Relief Camp,Flood,Barpeta Relief Camp,26.32,91,9800,9800,Flood Relief Centre,Assam Monsoon Floods Wave 2 (2016),ASDMA 2016
Assam,Cachar,Silchar Earthquake Relief Point,Earthquake,Silchar Earthquake Relief Point,24.83,92.8,800,800,Emergency Shelter / First Aid Point,2016 Imphal Earthquake - Tremors felt in Assam (2016),Wikipedia Imphal EQ Jan 2016
Assam,Cachar,Cachar District Relief Camp,Flood,Cachar District Relief Camp,24.79,92.87,4000,4000,Government School,Assam Monsoon Floods Wave 2 (2016),ASDMA 2016
Assam,Chirang,Chirang District Relief Camp,Flood,Chirang District Relief Camp,26.48,90.47,1500,1500,Government Building,Assam Monsoon Floods Wave 1 (2016),ReliefWeb / Caritas India Aug 2016
Assam,Darrang,Darrang District Relief Camps,Flood,Darrang District Relief Camps,26.45,92.05,5800,5800,Government School/Building,Assam Monsoon Floods Wave 2 (2016),ASDMA 2016
Assam,Dhemaji,Dhemaji District Relief Camps,Flood,Dhemaji District Relief Camps,27.48,94.57,8500,8500,Government School/High Ground,Assam Monsoon Floods Wave 2 (2016),ASDMA / ReliefWeb 2016
Assam,Goalpara,Goalpara District Relief Camps,Flood,Goalpara District Relief Camps,26.17,90.63,4600,4600,Government Building/Embankment,Assam Monsoon Floods Wave 2 (2016),ASDMA 2016
Assam,Golaghat,Golaghat District Relief Camps,Flood,Golaghat District Relief Camps,26.52,93.97,7400,7400,Government Building,Assam Monsoon Floods Wave 2 (2016),ASDMA / ReliefWeb 2016
Assam,Jorhat,Jorhat District Relief Camps,Flood,Jorhat District Relief Camps,26.75,94.2,220,220,Government School/Building,Assam Monsoon Floods Wave 1 (2016),ReliefWeb / ASDMA Report Aug 2016
Assam,Kamrup,Kamrup District Relief Camps,Flood,Kamrup District Relief Camps,26.1,91.59,6500,6500,Government School,Assam Monsoon Floods Wave 2 (2016),ASDMA 2016
Assam,Lakhimpur,Lakhimpur Relief Camps,Flood,Lakhimpur Relief Camps,27.23,94.1,11200,11200,Embankment/School,Assam Monsoon Floods Wave 2 (2016),ASDMA 2016
Assam,Nalbari,Nalbari District Relief Camp,Flood,Nalbari District Relief Camp,26.43,91.44,5200,5200,Flood Relief Camp,Assam Monsoon Floods Wave 2 (2016),ASDMA 2016
Assam,Sonitpur,Sonitpur District Camps,Flood,Sonitpur District Camps,26.63,92.8,8200,8200,Government School,Assam Monsoon Floods Wave 2 (2016),ASDMA 2016
Bihar,Araria,Araria District Relief Camps,Flood,Araria District Relief Camps,26.15,87.47,9500,9500,Flood Relief Camp,Bihar Monsoon Floods 2016 (2016),ReliefWeb Aug 2016
Bihar,Darbhanga,Darbhanga Relief Camp,Flood,Darbhanga Relief Camp,26.15,85.9,12000,12000,Government Building,Bihar Monsoon Floods 2016 (2016),ReliefWeb / MHA 2016
Bihar,Gopalganj,Gopalganj Relief Camps,Flood,Gopalganj Relief Camps,26.47,84.43,6800,6800,Flood Relief Camp,Bihar Monsoon Floods 2016 (2016),MHA 2016
Bihar,Kishanganj,Kishanganj Relief Camp,Flood,Kishanganj Relief Camp,26.1,87.95,7200,7200,Government Building,Bihar Monsoon Floods 2016 (2016),ReliefWeb Aug 2016
Bihar,Madhubani,Madhubani Relief Camps,Flood,Madhubani Relief Camps,26.36,86.07,14000,14000,Flood Shelter,Bihar Monsoon Floods 2016 (2016),ReliefWeb Aug 2016
Bihar,Muzaffarpur,Muzaffarpur Relief Camps,Flood,Muzaffarpur Relief Camps,26.12,85.37,11000,11000,Government School,Bihar Monsoon Floods 2016 (2016),ReliefWeb Aug 2016
Bihar,Saran,Saran District Relief Camps,Flood,Saran District Relief Camps,25.92,84.74,7500,7500,Government School,Bihar Monsoon Floods 2016 (2016),MHA 2016
Bihar,Sitamarhi,Sitamarhi Flood Camp 2016,Flood,Sitamarhi Flood Camp 2016,26.59,85.49,8500,8500,Flood Relief Camp,Bihar Monsoon Floods 2016 (2016),ReliefWeb / MHA Aug 2016
Bihar,Supaul,Supaul District Relief Camps,Flood,Supaul District Relief Camps,26.12,86.6,15000,15000,Government School/Embankment,Bihar Monsoon Floods 2016 (2016),Caritas India / ReliefWeb Aug 2016
Bihar,West Champaran,West Champaran Flood Camp,Flood,West Champaran Flood Camp,27.02,84.44,7000,7000,Government School/Embankment,Bihar Monsoon Floods 2016 (2016),MHA 2016
Delhi,Central Delhi,Delhi Heatwave Relief Centres,Heatwave,Delhi Heatwave Relief Centres,28.65,77.23,8000,8000,Heatwave Cooling Centre / Relief Camp,Delhi Heatwave 2016 (2016),NDMA 2016
Haryana,Karnal,Karnal Flood Relief Camp,Flood,Karnal Flood Relief Camp,29.69,76.99,2200,2200,Government School,Haryana Yamuna Floods 2016 (2016),MHA 2016
Haryana,Yamunanagar,Yamunanagar Flood Relief Camp,Flood,Yamunanagar Flood Relief Camp,30.13,77.29,2800,2800,Government Building,Haryana Yamuna Floods 2016 (2016),MHA 2016
Himachal Pradesh,Kangra,Kangra District Relief Camp,Flood/Cloudburst,Kangra District Relief Camp,32.1,76.27,1500,1500,Government School/Panchayat Bhawan,Himachal Pradesh Floods 2016 (2016),MHA 2016
Jammu & Kashmir,Anantnag,Anantnag Flood Relief Camp,Flood/Landslide,Anantnag Flood Relief Camp,33.73,75.15,2200,2200,Government Building/School,J&K Monsoon Floods 2016 (2016),NDMA 2016
Jammu & Kashmir,Ramban,Ramban Landslide Relief Camp,Flood/Landslide,Ramban Landslide Relief Camp,33.24,75.24,1200,1200,Landslide Relief Camp / Transit Camp,J&K Monsoon Floods 2016 (2016),NDMA 2016
Karnataka,Bidar,Bidar District Drought Camp,Drought/Water Crisis,Bidar District Drought Camp,17.91,77.52,1500,1500,Drought Relief Camp,Karnataka Drought 2016 (2016),World Vision India / YourStory Apr 2016
Karnataka,Gulbarga (Kalaburagi),Gulbarga Drought Relief Camp,Drought/Water Crisis,Gulbarga Drought Relief Camp,17.33,76.82,1600,1600,Drought Camp,Karnataka Drought 2016 (2016),World Vision India Apr 2016
Kerala,Wayanad,Wayanad Relief Camps,Flood,Wayanad Relief Camps,11.6,76.08,2000,2000,Government School,Kerala Monsoon Floods 2016 (2016),KSDMA 2016
Madhya Pradesh,Chhatarpur,Chhatarpur Drought Camp,Drought/Water Crisis,Chhatarpur Drought Camp,24.92,79.59,2500,2500,Drought Relief Camp,Bundelkhand Drought - Madhya Pradesh 2016 (2016),ReliefWeb Joint Assessment May 2016
Madhya Pradesh,Sagar,Sagar District Water Relief Camp,Drought/Water Crisis,Sagar District Water Relief Camp,23.84,78.74,2000,2000,Water Distribution Point,Bundelkhand Drought - Madhya Pradesh 2016 (2016),ReliefWeb May 2016
Madhya Pradesh,Tikamgarh,Tikamgarh District Drought Camp,Drought/Water Crisis,Tikamgarh District Drought Camp,24.74,78.83,2000,2000,Drought Camp / Water Point,Bundelkhand Drought - Madhya Pradesh 2016 (2016),ReliefWeb / AFP Apr 2016
Maharashtra,Aurangabad,Aurangabad Water Distribution Camp,Drought/Water Crisis,Aurangabad Water Distribution Camp,19.88,75.34,3000,3000,Water Distribution Point / Drought Camp,Maharashtra Marathwada Drought 2016 (2016),ActionAid India 2016
Maharashtra,Beed,Beed District Drought Fodder Camp,Drought/Water Crisis,Beed District Drought Fodder Camp,18.99,75.76,3500,3500,Cattle Fodder Camp,Maharashtra Marathwada Drought 2016 (2016),Al Jazeera / ActionAid Apr 2016
Maharashtra,Buldana,Buldana Flood Relief Camp 2016 (SDMP: 2nd most vulnerable MH district),Flood,"Buldana, Malkapur, Khamgaon",20.53,76.18,7000,7000,School / Community Hall,Maharashtra Monsoon Floods 2016 (2016),"Maharashtra SDMP 2023 (Nandurbar #1, Dhule #2, Buldhana #3 most vulnerable); FloodList 2016"
Maharashtra,Jalna,Jalna Drought Water Camp,Drought/Water Crisis,Jalna Drought Water Camp,19.84,75.88,1800,1800,Water Distribution Point,Maharashtra Marathwada Drought 2016 (2016),ActionAid India 2016
Maharashtra,Kolhapur,Kolhapur District Flood Camp,Flood,Kolhapur District Flood Camp,16.7,74.24,4000,4000,Government Building,Maharashtra Kolhapur Floods 2016 (2016),MSDMA 2016
Maharashtra,Latur,Latur Drought Relief & Water Camp,Drought/Water Crisis,Latur Drought Relief & Water Camp,18.4,76.56,5000,5000,Drought Relief Camp / Water Distribution Point,Maharashtra Marathwada Drought 2016 (2016),ActionAid India / Al Jazeera Apr 2016
Maharashtra,Nagpur,Nagpur District Flood Camp,Flood,Nagpur District Flood Camp,21.15,79.09,3000,3000,Government School,Maharashtra Vidarbha Floods 2016 (2016),MSDMA 2016
Maharashtra,Nanded,Nanded District Drought Camp,Drought/Water Crisis,Nanded District Drought Camp,19.15,77.32,2200,2200,Drought Relief Camp,Maharashtra Marathwada Drought 2016 (2016),ActionAid India 2016
Maharashtra,Nashik,Nashik Flood Relief Camp 2016,Flood,"Nashik, Igatpuri, Sinnar areas",19.99,73.79,10000,10000,School / Community Hall,Maharashtra Monsoon Floods 2016 (2016),Maharashtra SDMP 2023 (2016 listed as major MH flood); FloodList 2016
Maharashtra,Osmanabad,Osmanabad Drought Relief Camp,Drought/Water Crisis,Osmanabad Drought Relief Camp,18.18,76.04,4000,4000,Cattle Fodder Camp / Drought Relief,Maharashtra Marathwada Drought 2016 (2016),ActionAid India / Subrata Biswas Photo Report 2016
Maharashtra,Palghar,Palghar Tribal Flood Relief Camp 2016,Flood,"Palghar, Dahanu, Jawhar, Mokhada (tribal)",19.7,72.76,8000,8000,School / Tribal ashram school,Maharashtra Monsoon Floods 2016 (2016),Maharashtra SDMP 2023; NDRF press release Jul 2016
Maharashtra,Parbhani,Parbhani Drought Relief Camp,Drought/Water Crisis,Parbhani Drought Relief Camp,19.27,76.78,1700,1700,Drought Relief Camp,Maharashtra Marathwada Drought 2016 (2016),ActionAid India 2016
Maharashtra,Sangli,Sangli District Relief Camps,Flood,Sangli District Relief Camps,16.86,74.57,3500,3500,Government Building,Maharashtra Monsoon Floods 2016 (2016),MSDMA 2016
Maharashtra,Solapur,Solapur Fodder Camp,Drought/Water Crisis,Solapur Fodder Camp,17.69,75.9,2500,2500,Cattle Fodder Camp,Maharashtra Marathwada Drought 2016 (2016),ActionAid India / ReliefWeb 2016
Manipur,Chandel,Chandel Earthquake Relief Camp 2016 (M6.7 Imphal — border district),Earthquake,"Chandel, Tengnoupal, Moreh (Indo-Myanmar border)",24.34,94.02,5000,5000,School / Church / Army camp,2016 Manipur Imphal Earthquake M6.7 (2016),"NIDM 2022 ""Manipur Earthquake 2016: Relief to Recovery""; VolcanoDiscovery (M6.6 Noney Jan 4 2016); Wikipedia 2016 Manipur Earthquake"
Manipur,Churachandpur,Churachandpur Earthquake Camp,Earthquake,Churachandpur Earthquake Camp,24.33,93.68,2000,2000,Earthquake Relief Camp,2016 Manipur Aftershock - M6.9 (2016),Wikipedia 2016 Imphal EQ
Manipur,Imphal West,Imphal West Relief Camp,Flood/Landslide,Imphal West Relief Camp,24.82,93.94,2800,2800,Government School,Manipur Monsoon Floods 2016 (2016),OCHA 2016
Manipur,Imphal West,Imphal West Earthquake Relief Camp,Earthquake,Imphal West Earthquake Relief Camp,24.82,93.94,5000,5000,Emergency Earthquake Relief Camp,2016 Imphal Earthquake - M6.7 (2016),Wikipedia 2016 Imphal Earthquake / NIDM
Manipur,Senapati,Senapati District Earthquake Camp,Earthquake,Senapati District Earthquake Camp,25.27,94.02,2800,2800,Earthquake Relief Camp,2016 Imphal Earthquake - M6.7 (2016),Wikipedia 2016 Imphal EQ / ReliefWeb Jan 2016
Manipur,Thoubal,Thoubal Earthquake Relief Camp 2016 (M6.7 Imphal EQ + M6.9 aftershock),Earthquake,"Thoubal, Kakching, Wangbal",24.63,93.99,8000,8000,School / Church,2016 Manipur Imphal Earthquake M6.7 + M6.9 Aftershock (2016),NIDM 2022 Manipur EQ report; Wikipedia 2016 Manipur Earthquake; mapsofindia.com NE earthquakes
Odisha,Bolangir,Bolangir Heatwave Camp,Heatwave,Bolangir Heatwave Camp,20.7,83.48,1000,1000,Heatwave Relief Camp,India Heatwave 2016 (2016),NDMA 2016
Odisha,Cuttack,Cuttack District Relief Camps,Flood,Cuttack District Relief Camps,20.45,85.88,6500,6500,Cyclone Shelter/School,Odisha Monsoon Floods 2016 (2016),OSDMA 2016
Odisha,Ganjam,Ganjam Coastal Relief Camps,Cyclone,Ganjam Coastal Relief Camps,19.39,84.98,3500,3500,Cyclone Shelter / School,Cyclone Roanu (2016),ReliefWeb / IMD May 2016
Odisha,Jagatsinghpur,Jagatsinghpur District Relief Camps,Flood,Jagatsinghpur District Relief Camps,20.26,86.17,4500,4500,Government School,Odisha Monsoon Floods 2016 (2016),OSDMA 2016
Odisha,Kendrapara,Kendrapara Relief Camps,Flood,Kendrapara Relief Camps,20.5,86.42,5000,5000,Cyclone Shelter/School,Odisha Monsoon Floods 2016 (2016),OSDMA 2016
Odisha,Puri,Puri District Relief Camps,Flood,Puri District Relief Camps,19.81,85.83,4500,4500,Government School/Cyclone Shelter,Odisha Monsoon Floods 2016 (2016),OSDMA 2016
Puducherry,Puducherry,Puducherry Relief Camps,Cyclone,Puducherry Relief Camps,11.93,79.83,1000,1000,Government School,Cyclone Vardah (2016),NDRF Deployment Report Dec 2016
Punjab,Ludhiana,Ludhiana District Relief Camps,Flood,Ludhiana District Relief Camps,30.9,75.85,3000,3000,Government School,Punjab Monsoon Floods 2016 (2016),MHA 2016
Rajasthan,Barmer,Barmer Flash Flood Relief Camp,Flood,Barmer Flash Flood Relief Camp,25.75,71.38,2500,2500,Government School,Rajasthan Flash Floods 2016 (2016),MHA 2016
Rajasthan,Churu,Churu Heatwave Relief Centre,Heatwave,Churu Heatwave Relief Centre,28.3,74.97,1200,1200,Cooling Centre,India Heatwave 2016 (2016),NDMA 2016
Tamil Nadu,Chennai,Chennai City Relief Camps,Cyclone,Chennai City Relief Camps,13.08,80.27,7357,7357,Government School/Community Hall,Cyclone Vardah (2016),CNN / NDMA / NDRF Dec 2016
Tamil Nadu,Cuddalore,Cuddalore Relief Camp,Cyclone,Cuddalore Relief Camp,11.74,79.75,1500,1500,Government Building,Cyclone Nada (2016),NDMA Dec 2016
Tamil Nadu,Kanchipuram,Kanchipuram Relief Camps,Cyclone,Kanchipuram Relief Camps,12.83,79.7,2500,2500,Government School,Cyclone Vardah (2016),NDRF Dec 2016
Tamil Nadu,Nagapattinam,Nagapattinam Relief Camp,Cyclone,Nagapattinam Relief Camp,10.76,79.84,1500,1500,Cyclone Shelter,Cyclone Vardah (2016),FloodList / NDMA Dec 2016
Tamil Nadu,Nagapattinam,Nagapattinam Nada Relief Camps,Cyclone,Nagapattinam Nada Relief Camps,10.76,79.84,2000,2000,Cyclone Shelter,Cyclone Nada (2016),IMD / NDMA Dec 2016
Tamil Nadu,Tiruvallur,Tiruvallur District Relief Camps,Cyclone,Tiruvallur District Relief Camps,13.14,79.9,3200,3200,Government Building/School,Cyclone Vardah (2016),NDRF Deployment Report Dec 2016
Tamil Nadu,Villupuram,Villupuram Relief Camp,Cyclone,Villupuram Relief Camp,11.93,79.49,1200,1200,Government School,Cyclone Vardah (2016),FloodList / NDMA Dec 2016
Telangana,Khammam,Khammam District Flood Camp,Flood,Khammam District Flood Camp,17.25,80.15,5500,5500,Government Building,Telangana Floods 2016 (2016),Telangana SDMA 2016
Telangana,Nalgonda,Nalgonda Heatwave Relief Camp,Heatwave,Nalgonda Heatwave Relief Camp,17.05,79.27,1500,1500,Heatwave Relief Camp / Cooling Centre,India Heatwave 2016 (2016),NDMA 2016 / ReliefWeb
Telangana,Warangal,Warangal District Flood Camp,Flood,Warangal District Flood Camp,17.97,79.58,4000,4000,Flood Relief Camp,Telangana Floods 2016 (2016),Telangana SDMA 2016
Uttar Pradesh,Allahabad (Prayagraj),Allahabad Sangam Flood Camp,Flood,Allahabad Sangam Flood Camp,25.45,81.84,3200,3200,Flood Relief Camp,Ganga Plains Flood 2016 (2016),MHA / UPSDMA 2016
Uttar Pradesh,Banda,Banda District Drought Camp,Drought/Water Crisis,Banda District Drought Camp,25.47,80.33,2500,2500,Water Distribution / Drought Camp,Bundelkhand Drought 2016 (2016),ReliefWeb Mar 2016 / ActionAid
Uttar Pradesh,Hamirpur,Hamirpur Drought Relief Camp,Drought/Water Crisis,Hamirpur Drought Relief Camp,25.57,80.15,2000,2000,Drought Relief Camp,Bundelkhand Drought 2016 (2016),ReliefWeb / ActionAid Mar 2016
Uttar Pradesh,Mahoba,Mahoba District Drought Camp,Drought/Water Crisis,Mahoba District Drought Camp,25.29,79.87,1800,1800,Drought Camp,Bundelkhand Drought 2016 (2016),ActionAid India Mar 2016
Uttar Pradesh,Varanasi,Varanasi Flood Relief Camp,Flood,Varanasi Flood Relief Camp,25.32,83.01,4000,4000,Flood Relief Camp,Ganga Plains Flood 2016 (2016),MHA 2016 / UPSDMA
Uttarakhand,Chamoli,Chamoli District Relief Camp,Flood/Landslide,Chamoli District Relief Camp,30.4,79.33,800,800,NDRF Camp / Government Facility,Uttarakhand Kedarnath Corridor Flood (2016),NDMA 2016
Uttarakhand,Pithoragarh,Pithoragarh Landslide Camp,Flood/Landslide,Pithoragarh Landslide Camp,29.58,80.22,900,900,Landslide Relief Camp,Uttarakhand Monsoon 2016 (2016),USDMA 2016
Uttarakhand,Rudraprayag,Rudraprayag Relief Camp,Flood/Landslide,Rudraprayag Relief Camp,30.28,78.98,900,900,Government Facility,Uttarakhand Monsoon 2016 (2016),NDMA 2016
Uttarakhand,Tehri Garhwal,Tehri District Relief Camp,Flood/Landslide,Tehri District Relief Camp,30.39,78.48,1500,1500,Government School/NDRF Camp,Uttarakhand Char Dham Floods 2016 (2016),USDMA 2016
Uttarakhand,Uttarkashi,Uttarkashi Flash Flood Relief Camp,Flood/Cloudburst,Uttarkashi Flash Flood Relief Camp,30.73,78.45,1200,1200,Government School/High Ground,Uttarakhand Monsoon Floods 2016 (2016),NDMA 2016 Reports
West Bengal,Cooch Behar,Cooch Behar Relief Camps,Flood,Cooch Behar Relief Camps,26.32,89.45,6000,6000,Flood Shelter,West Bengal Monsoon Floods 2016 (2016),MHA / NDMA 2016
West Bengal,Murshidabad,Murshidabad District Relief Camps,Flood,Murshidabad District Relief Camps,24.18,88.27,8000,8000,Government Building/School,West Bengal Monsoon Floods 2016 (2016),MHA 2016 Flood Report
Andaman & Nicobar Islands,South Andaman,Port Blair Flood Relief Camp 2017,Flood/Cyclone,Port Blair Flood Relief Camp 2017,11.66,92.74,1200,1200,Government Facility,Andaman Monsoon Flood 2017 (2017),ANDMA 2017
Andhra Pradesh,East Godavari,East Godavari Flood Camps 2017,Flood,East Godavari Flood Camps 2017,17,82.24,5500,5500,Government School,Andhra Pradesh Floods 2017 (2017),APSDMA 2017
Andhra Pradesh,Krishna,Krishna District Relief Camps 2017,Flood,Krishna District Relief Camps 2017,16.51,80.62,7500,7500,Government Building/School,Andhra Pradesh Cyclone Season Floods 2017 (2017),APSDMA 2017
Andhra Pradesh,Srikakulam,Srikakulam Relief Camps,Flood,Srikakulam Relief Camps,18.3,83.9,4500,4500,Government School/Cyclone Shelter,Andhra Pradesh Cyclone Season 2017 (2017),APSDMA 2017
Andhra Pradesh,West Godavari,West Godavari Relief Camps,Flood,West Godavari Relief Camps,16.79,81.23,6500,6500,Government School/Elevated Area,Andhra Pradesh Floods 2017 (2017),APSDMA 2017
Arunachal Pradesh,Lohit,Lohit District Relief Camp,Flood/Landslide,Lohit District Relief Camp,28.04,96.23,1800,1800,Government Facility,Arunachal Pradesh Floods 2017 (2017),ECHO / ReliefWeb Jul 2017
Assam,Barpeta,Barpeta Mega Relief Camp 2017,Flood,Barpeta Mega Relief Camp 2017,26.32,91,25000,25000,Flood Relief Centre/School,Assam Floods 2017 Wave 2 - Worst Since 2007 (2017),OCHA Aug 2017 / ActionAid
Assam,Cachar,Cachar District Camps 2017,Flood,Cachar District Camps 2017,24.79,92.87,5000,5000,Flood Relief Camp,Assam Floods 2017 Wave 2 (2017),ASDMA 2017
Assam,Chirang,Chirang District Relief Camp 2017,Flood,Chirang District Relief Camp 2017,26.48,90.47,12000,12000,Government Building,Assam Floods 2017 Wave 2 (2017),ASDMA 2017
Assam,Dhemaji,Dhemaji Relief Camps 2017,Flood,Dhemaji Relief Camps 2017,27.48,94.57,9500,9500,Flood Shelter/School,Assam Floods 2017 Wave 1 (2017),ASDMA Jun-Jul 2017
Assam,Dibrugarh,Dibrugarh Flood Camp 2017,Flood,Dibrugarh Flood Camp 2017,27.48,94.91,6200,6200,Government Building,Assam Floods 2017 Wave 2 (2017),ASDMA 2017
Assam,Goalpara,Goalpara Flood Camps 2017,Flood,Goalpara Flood Camps 2017,26.17,90.63,7800,7800,Government School/Embankment,Assam Floods 2017 Wave 2 (2017),ASDMA 2017
Assam,Jorhat,Jorhat Major Relief Camp 2017,Flood,Jorhat Major Relief Camp 2017,26.75,94.2,8200,8200,Government School/Building,Assam Floods 2017 Wave 2 (2017),ASDMA 2017
Assam,Kamrup Metro,Guwahati Peripheral Flood Camp,Flood,Guwahati Peripheral Flood Camp,26.14,91.74,3800,3800,Urban Flood Relief Camp,Assam Floods 2017 Wave 2 (2017),ASDMA 2017
Assam,Kokrajhar,Kokrajhar Relief Camps,Flood,Kokrajhar Relief Camps,26.4,90.27,9500,9500,Flood Shelter,Assam Floods 2017 Wave 2 (2017),ASDMA 2017
Assam,Lakhimpur,Lakhimpur Relief Camps 2017,Flood,Lakhimpur Relief Camps 2017,27.23,94.1,8000,8000,Government School/High Ground,Assam Floods 2017 Wave 1 (2017),ASDMA / ReliefWeb Jun 2017
Assam,Morigaon,Morigaon Relief Camps,Flood,Morigaon Relief Camps,26.25,92.33,9800,9800,Flood Shelter,Assam Floods 2017 Wave 2 (2017),ASDMA 2017
Assam,Nagaon,Nagaon District Relief Camps,Flood,Nagaon District Relief Camps,26.35,92.68,13000,13000,Government School/Elevated Land,Assam Floods 2017 Wave 2 (2017),ASDMA Jul 2017
Assam,Sivasagar,Sivasagar Relief Camps 2017,Flood,Sivasagar Relief Camps 2017,26.98,94.64,5200,5200,Flood Relief Camp,Assam Floods 2017 Wave 2 (2017),ASDMA 2017
Assam,Sonitpur,Sonitpur Relief Camps 2017,Flood,Sonitpur Relief Camps 2017,26.63,92.8,6800,6800,Government School,Assam Floods 2017 Wave 2 (2017),ASDMA 2017
Assam,Tinsukia,Tinsukia District Flood Camp,Flood,Tinsukia District Flood Camp,27.49,95.36,4800,4800,Government School,Assam Floods 2017 Wave 2 (2017),ASDMA 2017
Bihar,Araria,Araria Relief Mega Camp,Flood,Araria Relief Mega Camp,26.15,87.47,32000,32000,Flood Relief Camp/School/Embankment,Bihar Mega Floods 2017 (2017),OCHA / UNICEF Aug 2017
Bihar,Begusarai,Begusarai Flood Relief Camp,Flood,Begusarai Flood Relief Camp,25.42,86.13,11000,11000,Government School,Bihar Mega Floods 2017 (2017),Wikipedia Bihar Floods 2017
Bihar,Darbhanga,Darbhanga Flood Relief Camps 2017,Flood,Darbhanga Flood Relief Camps 2017,26.15,85.9,22000,22000,Government Building/School,Bihar Mega Floods 2017 (2017),Wikipedia 2017 Bihar Flood
Bihar,East Champaran,East Champaran Relief Camps,Flood,East Champaran Relief Camps,26.65,84.92,20000,20000,Flood Shelter,Bihar Mega Floods 2017 (2017),ReliefWeb / OCHA 2017
Bihar,Madhubani,Madhubani Relief Camps 2017,Flood,Madhubani Relief Camps 2017,26.36,86.07,18000,18000,Government School,Bihar Mega Floods 2017 (2017),OCHA / Wikipedia 2017
Bihar,Muzaffarpur,Muzaffarpur Flood Camp 2017,Flood,Muzaffarpur Flood Camp 2017,26.12,85.37,28000,28000,Government School/Raised Platform,Bihar Mega Floods 2017 (2017),OCHA / ActionAid Aug 2017
Bihar,Purnia,Purnia Division Relief Camps,Flood,Purnia Division Relief Camps,25.78,87.47,16000,16000,Government Building,Bihar Mega Floods 2017 (2017),Wikipedia 2017 Bihar Flood
Bihar,Samastipur,Samastipur Relief Camps,Flood,Samastipur Relief Camps,25.86,85.78,17000,17000,Flood Relief Camp,Bihar Mega Floods 2017 (2017),Wikipedia Bihar Floods 2017
Bihar,Saran (Chhapra),Saran Division Relief Camps 2017,Flood,Saran Division Relief Camps 2017,25.92,84.74,14500,14500,Flood Relief Camp/Embankment,Bihar Mega Floods 2017 (2017),Wikipedia Bihar Floods 2017
Bihar,Sheohar,Sheohar Relief Camps,Flood,Sheohar Relief Camps,26.52,85.29,14000,14000,Flood Relief Camp,Bihar Mega Floods 2017 (2017),Wikipedia Bihar Floods 2017
Bihar,Sitamarhi,Sitamarhi Relief Camps,Flood,Sitamarhi Relief Camps,26.59,85.49,24000,24000,Flood Relief Camp,Bihar Mega Floods 2017 (2017),Wikipedia 2017 Bihar Flood
Bihar,Supaul,Supaul Major Relief Camp 2017,Flood,Supaul Major Relief Camp 2017,26.12,86.6,22000,22000,Embankment/Government School,Bihar Mega Floods 2017 (2017),OCHA / Bihar 2017 Flood Wikipedia
Bihar,Vaishali,Vaishali Flood Camp,Flood,Vaishali Flood Camp,25.69,85.13,12000,12000,Government School/Elevated Road,Bihar Mega Floods 2017 (2017),Wikipedia Bihar Floods 2017
Chhattisgarh,Bilaspur,Bilaspur Flood Relief Camp,Flood,Bilaspur Flood Relief Camp,22.08,82.15,2000,2000,Government School,Chhattisgarh Floods 2017 (2017),NDMA 2017
Chhattisgarh,Raipur,Raipur District Flood Camp,Flood,Raipur District Flood Camp,21.25,81.63,2500,2500,Government School,Chhattisgarh Monsoon Floods 2017 (2017),NDMA 2017
Delhi,East Delhi,East Delhi Yamuna Flood Camp,Flood,East Delhi Yamuna Flood Camp,28.64,77.31,4000,4000,Yamuna Flood Relief Camp,Delhi Yamuna Flood 2017 (2017),DDMA 2017
Gujarat,Ahmedabad,Ahmedabad Flood Relief Camp,Flood,Ahmedabad Flood Relief Camp,23.03,72.59,5000,5000,Government Building/School,Gujarat Floods 2017 (2017),Wikipedia Gujarat Floods 2017
Gujarat,Banaskantha,Banaskantha District Relief Camps,Flood,Banaskantha District Relief Camps,24.18,72.43,18000,18000,Government School/Panchayat Bhawan,Gujarat Floods 2017 (2017),Wikipedia Gujarat Floods 2017
Gujarat,Gandhinagar,Gandhinagar Flood Camp,Flood,Gandhinagar Flood Camp,23.22,72.68,3500,3500,Government Building,Gujarat Floods 2017 (2017),Wikipedia Gujarat Floods 2017
Gujarat,Kutch,Kutch Flood Relief Camps,Flood,Kutch Flood Relief Camps,23.73,70.66,4500,4500,Government Building/School,Gujarat Floods 2017 (2017),Wikipedia Gujarat Floods 2017
Gujarat,Mehsana,Mehsana Relief Camps,Flood,Mehsana Relief Camps,23.59,72.38,8000,8000,Flood Shelter,Gujarat Floods 2017 (2017),Wikipedia Gujarat Floods 2017
Gujarat,Morbi,Morbi Relief Camps,Flood,Morbi Relief Camps,22.83,70.83,5500,5500,Government Building,Gujarat Floods 2017 (2017),Wikipedia Gujarat Floods 2017
Gujarat,Patan,Patan District Relief Camps,Flood,Patan District Relief Camps,23.85,72.12,10000,10000,Government Building,Gujarat Floods 2017 (2017),Wikipedia Gujarat Floods 2017
Gujarat,Sabarkantha,Sabarkantha District Relief Camps,Flood,Sabarkantha District Relief Camps,23.61,73.02,8500,8500,Government School/Panchayat Bhawan,Gujarat Floods 2017 (2017),Wikipedia Gujarat Floods 2017
Gujarat,Surendranagar,Surendranagar Relief Camps,Flood,Surendranagar Relief Camps,22.73,71.65,7000,7000,Government School,Gujarat Floods 2017 (2017),Wikipedia Gujarat Floods 2017
Himachal Pradesh,Kullu,Kullu District Flood Camp,Flood/Landslide,Kullu District Flood Camp,31.96,77.11,1500,1500,Government School/Panchayat Bhawan,HP Flash Floods 2017 (2017),HPSDMA 2017
Himachal Pradesh,Mandi,Mandi Relief Camp 2017,Flood/Landslide,Mandi Relief Camp 2017,31.71,76.93,2000,2000,Government School/Panchayat Bhawan,Himachal Pradesh Flash Floods 2017 (2017),MHA 2017 / ECHO
Himachal Pradesh,Mandi,Mandi Beas River Landslide-Flood Camp 2017 (6 deaths cloudburst; NH-3 cut),Landslide/Flood,"Mandi, Pandoh, Aut, Hanogi",31.71,76.92,5000,5000,Government School,2017 Himachal Pradesh Flash Floods + Landslides (2017),OCHA 2017 India Floods+Landslides (named Mandi cloudbursts+NH-3); ReliefWeb India May 2017
Himachal Pradesh,Solan,Solan Landslide Relief Camp,Flood/Landslide,Solan Landslide Relief Camp,30.91,77.1,1100,1100,Landslide Relief Camp,HP Flash Floods 2017 (2017),HPSDMA 2017
Jammu & Kashmir,Reasi,Reasi Flood Relief Camp,Flood/Landslide,Reasi Flood Relief Camp,33.08,74.83,1800,1800,Flood Relief Camp,J&K Monsoon Floods 2017 (2017),NDMA 2017
Jharkhand,Dumka,Dumka District Flood Camp,Flood,Dumka District Flood Camp,24.27,87.25,2200,2200,Government School,Jharkhand Monsoon Floods 2017 (2017),NDMA 2017
Jharkhand,Giridih,Giridih District Relief Camps,Lightning/Flood,Giridih District Relief Camps,24.19,86.3,1000,1000,Government Building,Jharkhand Lightning and Flood 2017 (2017),ECHO May 2017
Jharkhand,Sahebganj,Sahebganj District Flood Camp,Flood,Sahebganj District Flood Camp,25.23,87.67,3200,3200,Flood Relief Camp,Jharkhand Monsoon Floods 2017 (2017),NDMA 2017
Karnataka,Dakshina Kannada,Mangaluru Flood Camp,Flood,Mangaluru Flood Camp,12.87,74.84,2200,2200,Government Building,Karnataka Floods 2017 (2017),KSNDMC 2017
Karnataka,Kodagu (Coorg),Kodagu Relief Camps 2017,Flood,Kodagu Relief Camps 2017,12.42,75.74,2500,2500,Government School,Karnataka Monsoon Floods 2017 (2017),KSNDMC 2017
Karnataka,Udupi,Udupi Coastal Relief Camp,Flood,Udupi Coastal Relief Camp,13.34,74.75,1800,1800,Government School,Karnataka Floods 2017 (2017),KSNDMC 2017
Karnataka,Uttara Kannada,Uttara Kannada Coastal Relief Camps,Flood,Uttara Kannada Coastal Relief Camps,14.8,74.13,3000,3000,Government School,Karnataka Floods 2017 (2017),KSNDMC 2017
Kerala,Alappuzha,Alappuzha Ockhi Coastal Relief Camp,Cyclone,Alappuzha Ockhi Coastal Relief Camp,9.5,76.35,4000,4000,Cyclone Shelter / Fishermen Camp,Cyclone Ockhi (2017),NDMA Dec 2017
Kerala,Kollam,Kollam Fishermen Relief Camp,Cyclone,Kollam Fishermen Relief Camp,8.88,76.59,5500,5500,Cyclone Shelter,Cyclone Ockhi (2017),NDMA Dec 2017
Kerala,Thiruvananthapuram,Thiruvananthapuram Ockhi Fishermen Camp,Cyclone,Thiruvananthapuram Ockhi Fishermen Camp,8.52,76.94,9000,9000,Cyclone Shelter/School,Cyclone Ockhi (2017),NDMA / Kerala Govt Dec 2017
Lakshadweep,Kavaratti,Lakshadweep Ockhi Emergency Camp,Cyclone,Lakshadweep Ockhi Emergency Camp,10.57,72.64,2500,2500,Island Emergency Shelter,Cyclone Ockhi (2017),NDMA Dec 2017 / Coast Guard
Maharashtra,Sangli,Sangli Flood Camp 2017,Flood,Sangli Flood Camp 2017,16.86,74.57,5000,5000,Government Building,Maharashtra Monsoon Floods 2017 (2017),MHA 2017
Manipur,Bishnupur,Bishnupur Relief Camp,Flood/Landslide,Bishnupur Relief Camp,24.63,93.77,3000,3000,Government Building,Manipur Monsoon 2017 (2017),OCHA 2017
Manipur,Imphal East,Imphal East Relief Camp 2017,Flood/Landslide,Imphal East Relief Camp 2017,24.82,93.97,4000,4000,Government School,Manipur Monsoon 2017 (2017),OCHA 2017 / ReliefWeb
Meghalaya,East Khasi Hills,Shillong Area Flood Camp 2017,Flood/Landslide,Shillong Area Flood Camp 2017,25.57,91.88,2000,2000,Government Building,Meghalaya Monsoon 2017 (2017),OCHA 2017 / ECHO
Meghalaya,West Garo Hills,Tura Flood Camp,Flood/Landslide,Tura Flood Camp,25.51,90.21,1600,1600,Government School,Meghalaya Monsoon 2017 (2017),ECHO Jun-Jul 2017
Mizoram,Aizawl,Aizawl Relief Camp,Flood/Landslide,Aizawl Relief Camp,23.73,92.72,1200,1200,Government Building,Mizoram Monsoon 2017 (2017),ECHO Jun 2017
Nagaland,Phek,Phek District Relief Camp,Flood/Landslide,Phek District Relief Camp,25.67,94.47,800,800,Government Facility,Nagaland Rains 2017 (2017),ECHO May 2017
Odisha,Baleswar,Baleswar District Relief Camps,Flood,Baleswar District Relief Camps,21.49,86.93,7000,7000,Government School/Cyclone Shelter,Odisha Monsoon Floods 2017 (2017),OSDMA 2017
Odisha,Cuttack,Cuttack Flood Camp 2017,Flood,Cuttack Flood Camp 2017,20.45,85.88,6200,6200,Cyclone Shelter/School,Odisha Floods 2017 (2017),OSDMA 2017
Odisha,Jagatsinghpur,Jagatsinghpur Relief Camps 2017,Flood,Jagatsinghpur Relief Camps 2017,20.26,86.17,5500,5500,Cyclone Shelter/School,Odisha Monsoon Floods 2017 (2017),OSDMA 2017
Odisha,Kendrapara,Kendrapara Flood Camp 2017,Flood,Kendrapara Flood Camp 2017,20.5,86.42,5000,5000,Cyclone Shelter,Odisha Floods 2017 (2017),OSDMA 2017
Punjab,Jalandhar,Jalandhar Flood Camp 2017,Flood,Jalandhar Flood Camp 2017,31.33,75.58,3500,3500,Government School,Punjab Floods 2017 (2017),MHA 2017
Punjab,Kapurthala,Kapurthala District Flood Camp,Flood,Kapurthala District Flood Camp,31.38,75.38,2800,2800,Flood Relief Camp,Punjab Floods 2017 (2017),MHA 2017
Rajasthan,Barmer,Barmer Relief Camps 2017,Flood,Barmer Relief Camps 2017,25.75,71.38,3500,3500,Government School,Rajasthan Flash Floods 2017 (2017),MHA / ActionAid 2017
Rajasthan,Jalore,Jalore District Relief Camps,Flood,Jalore District Relief Camps,25.35,72.62,2800,2800,Flood Relief Camp,Rajasthan Flash Floods 2017 (2017),MHA 2017
Sikkim,South Sikkim,South Sikkim Relief Camps,Flood/Landslide,South Sikkim Relief Camps,27.15,88.48,1000,1000,Government Facility,Sikkim Monsoon 2017 (2017),ECHO 2017
Tamil Nadu,Kanyakumari,Kanyakumari Fishermen Relief Camps,Cyclone,Kanyakumari Fishermen Relief Camps,8.09,77.55,12000,12000,Cyclone Shelter/School/Community Hall,Cyclone Ockhi (2017),NDMA / NDRF Dec 2017
Tamil Nadu,Tirunelveli,Tirunelveli Ockhi Relief Camps,Cyclone,Tirunelveli Ockhi Relief Camps,8.72,77.69,7000,7000,Government Building,Cyclone Ockhi (2017),NDMA Dec 2017
Tamil Nadu,Tuticorin (Thoothukudi),Tuticorin Ockhi Fishermen Camp,Cyclone,Tuticorin Ockhi Fishermen Camp,8.79,78.14,5000,5000,Cyclone Shelter,Cyclone Ockhi (2017),NDMA Dec 2017
Telangana,Bhadradri Kothagudem,Bhadrachalam Flood Relief Camp,Flood,Bhadrachalam Flood Relief Camp,17.67,80.89,5500,5500,Government Building/School,Telangana Floods 2017 (2017),Telangana SDMA 2017
Telangana,Suryapet,Suryapet District Flood Camp,Flood,Suryapet District Flood Camp,17.15,79.62,4000,4000,Government School,Telangana Floods 2017 (2017),Telangana SDMA 2017
Tripura,Dhalai,Dhalai Ambasa Landslide Relief Camp 2017 (Researchers conducted field survey),Landslide,"Ambasa, Manu, Kamalpur (Dhalai district)",24.02,92,6000,6000,Government School,2017 Ambasa (Dhalai) Landslide — Tripura (2017),"ScienceDirect: ""Lessons learnt from post-EQ damage study...2017 Ambasa earthquake"" (field survey by authors); ReliefWeb 2017 Tripura"
Tripura,West Tripura,West Tripura Relief Camps,Flood,West Tripura Relief Camps,23.84,91.28,4000,4000,Government School,Tripura Monsoon Floods 2017 (2017),ECHO 2017
Uttar Pradesh,Bahraich,Bahraich Relief Camps,Flood,Bahraich Relief Camps,27.57,81.59,9000,9000,Flood Relief Camp,Uttar Pradesh Monsoon Floods 2017 (2017),MHA 2017
Uttar Pradesh,Ballia,Ballia District Flood Camp,Flood,Ballia District Flood Camp,25.76,84.15,7500,7500,Flood Relief Camp,UP Floods 2017 (2017),MHA / UPSDMA 2017
Uttar Pradesh,Balrampur,Balrampur Relief Camps,Flood,Balrampur Relief Camps,27.43,82.69,7000,7000,Flood Relief Camp,UP Floods 2017 (2017),OCHA Aug 2017
Uttar Pradesh,Deoria,Deoria District Flood Camp,Flood,Deoria District Flood Camp,26.5,83.78,6000,6000,Flood Relief Camp,UP Floods 2017 (2017),MHA 2017
Uttar Pradesh,Gonda,Gonda District Flood Camp,Flood,Gonda District Flood Camp,27.13,81.96,8500,8500,Flood Relief Camp/School,UP Floods 2017 (2017),OCHA Aug 2017
Uttar Pradesh,Gorakhpur,Gorakhpur Division Relief Camps,Flood,Gorakhpur Division Relief Camps,26.76,83.37,12000,12000,Government School/Community Centre,Uttar Pradesh Monsoon Floods 2017 (2017),OCHA / MHA Aug 2017
Uttar Pradesh,Shravasti,Shravasti Flood Relief Camp,Flood,Shravasti Flood Relief Camp,27.51,81.54,5500,5500,Government School,UP Floods 2017 (2017),OCHA Aug 2017
Uttar Pradesh,Sitapur,Sitapur District Relief Camps,Flood,Sitapur District Relief Camps,27.57,80.68,8000,8000,Government School,Uttar Pradesh Monsoon Floods 2017 (2017),MHA 2017
Uttarakhand,Haridwar,Haridwar District Relief Camps,Flood/Landslide,Haridwar District Relief Camps,29.95,78.16,3500,3500,Flood Relief Camp,Uttarakhand Floods 2017 (2017),MHA / USDMA 2017
West Bengal,Hooghly,Hooghly District Flood Camp,Flood,Hooghly District Flood Camp,22.9,88.39,5500,5500,Flood Relief Camp,West Bengal Floods 2017 (2017),OCHA Aug 2017
West Bengal,Jalpaiguri,Jalpaiguri District Flood Camp,Flood,Jalpaiguri District Flood Camp,26.54,88.73,10000,10000,Flood Relief Camp/School,West Bengal Floods 2017 (2017),OCHA Aug 2017
West Bengal,Malda,Malda District Relief Camps,Flood,Malda District Relief Camps,25.01,88.14,18000,18000,Flood Relief Camp/School,West Bengal Mega Floods 2017 (2017),OCHA Aug 2017
West Bengal,Murshidabad,Murshidabad District Relief Camps 2017,Flood,Murshidabad District Relief Camps 2017,24.18,88.27,16000,16000,Flood Shelter,West Bengal Mega Floods 2017 (2017),OCHA Aug 2017 / IDRF
West Bengal,North Dinajpur,North Dinajpur Relief Camps,Flood,North Dinajpur Relief Camps,25.62,88.12,12000,12000,Government School,West Bengal Mega Floods 2017 (2017),OCHA Aug 2017
West Bengal,South Dinajpur,South Dinajpur Relief Camps,Flood,South Dinajpur Relief Camps,25.62,88.63,7200,7200,Government School,West Bengal Floods 2017 (2017),OCHA Aug 2017
Andhra Pradesh,Srikakulam,Srikakulam Cyclone Relief Camps,Cyclone,Srikakulam District – coastal,18.2949,83.8938,10000,10000,—,Cyclone Titli 2018 (2018),NDRF Cyclone Titli 2018; Wikipedia; FloodList Oct 2018
Andhra Pradesh,Visakhapatnam,Visakhapatnam Coastal Relief Camp,Cyclone,Visakhapatnam Port & Coast,17.6868,83.2185,3000,3000,—,Cyclone Titli 2018 (2018),Wikipedia – Cyclone Titli; FloodList Oct 2018
Andhra Pradesh,Vizianagaram,Vizianagaram Cyclone Relief Camps,Cyclone,Vizianagaram District,18.1067,83.3956,5000,5000,—,Cyclone Titli 2018 (2018),NDRF Cyclone Titli 2018; Wikipedia
Arunachal Pradesh,Papum Pare,Itanagar Landslide-Flood Camp 2018,Landslide/Flood,"Itanagar, Naharlagun, Nirjuli",27.1,93.61,7000,7000,Government Building / School,2018 Arunachal Pradesh Monsoon Landslides (2018),ECHO 2018 India Floods+Landslides; NDMA Landslide page (ARP chronic NE zone); Wikipedia 2018 India Floods
Assam,Barpeta,Barpeta District Relief Camp,Flood,Barpeta District,26.3232,91.0059,1500,1500,—,2018 Assam Brahmaputra Floods (2018),Brahmaputra Floods Wikipedia; ASDMA Report 2018
Assam,Dhemaji,Dhemaji District Relief Camp,Flood,Dhemaji District,27.4793,94.5684,125,125,—,2018 Assam Brahmaputra Floods (2018),Satya Shakti Foundation – Assam Flood Relief Camps; ASDMA
Assam,Golaghat,Golaghat District Relief Camps (99 camps cluster),Flood,"Golaghat District, multiple blocks",26.52,93.97,24000,24000,—,2018 Assam Brahmaputra Floods (2018),FloodList – India Assam Floods August 2018; ASDMA Report
Assam,Lakhimpur,Lakhimpur District Relief Camp,Flood,"North Lakhimpur, Lakhimpur",27.2349,94.1013,2000,2000,—,2018 Assam Brahmaputra Floods (2018),Brahmaputra Floods Wikipedia; ASDMA 2018
Assam,Majuli,Majuli Island Relief Camps,Flood,"Majuli Island, Jorhat",26.95,94.2167,3000,3000,—,2018 Assam Brahmaputra Floods (2018),Brahmaputra Floods Wikipedia; ASDMA 2018
Assam,Nagaon,Nagaon District Relief Camp,Flood,Nagaon District,26.3448,92.6844,117,117,—,2018 Assam Brahmaputra Floods (2018),Satya Shakti Foundation – ASDMA
Assam,Sivasagar,Sivasagar District Relief Camps,Flood,Sivasagar District,26.9836,94.6379,200,200,—,2018 Assam Brahmaputra Floods (2018),FloodList – India Assam Floods August 2018
Bihar,Sitamarhi,Sitamarhi Flood Relief Camp,Flood,Sitamarhi District,26.5853,85.4847,8000,8000,—,2018 Bihar Monsoon Floods (2018),Govt of India Report Aug 2018; NERC Bihar floods 2018
Delhi,Central Delhi,Delhi Yamuna Flood Relief Tents,Flood,"Yamuna River belt, Central Delhi",28.6517,77.2431,10000,10000,—,2018 Delhi Yamuna Floods (2018),ReliefWeb – India Floods Jun 2018 (Delhi Yamuna mention); Wikipedia
Himachal Pradesh,Kinnaur,Kinnaur District Monsoon Relief Camp,Flood,"Kinnaur District, HP",31.55,78.27,1200,1200,—,2018 Himachal Pradesh Monsoon Floods (2018),NERC Report 2018; HP SDMA
Kerala,Alappuzha,Kuttanad Relief Camp Complex,Flood,"Kuttanad, Alappuzha",9.3967,76.4018,8000,8000,—,2018 Kerala Floods (2018),Wikipedia – 2018 Kerala Floods; NDMA Reports
Kerala,Alappuzha,Chellanam Coastal Relief Camp,Flood,"Chellanam, Ernakulam/Alappuzha border",9.85,76.28,3500,3500,—,2018 Kerala Floods (2018),Wikipedia – 2018 Kerala Floods
Kerala,Ernakulam,UC College Relief Camp,Flood,"Aluva, Ernakulam",10.0997,76.357,3000,3000,—,2018 Kerala Floods (2018),NDMA / ReliefWeb / Wikipedia 2018 Kerala Floods
Kerala,Ernakulam,Mar Gregorious School Relief Camp,Flood,"Paravoor, Ernakulam",10.1495,76.2118,2500,2500,—,2018 Kerala Floods (2018),ReliefWeb – Overall Update Kerala Flood Relief 3 Sep 2018
Kerala,Ernakulam,Sri Guru Singh Sabha Gurdwara Langar Camp,Flood,"Kochi, Ernakulam",9.9312,76.2673,1000,1000,—,2018 Kerala Floods (2018),IndianEagle.com – Inspiring Stories Kerala Floods 2018
Kerala,Ernakulam,North Paravur Relief Camp,Flood,"North Paravur, Ernakulam",10.1558,76.2153,2200,2200,—,2018 Kerala Floods (2018),ReliefWeb – Kerala Floods; NDMA Reports
Kerala,Idukki,Rajiv Gandhi Indoor Stadium Relief Camp,Flood,"Thodupuzha, Idukki",9.8988,76.7179,3500,3500,—,2018 Kerala Floods (2018),Wikipedia – 2018 Kerala Floods; NDMA Situation Reports
Kerala,Kottayam,Kurichy Relief Camp (Wedding Venue),Flood,Kurichy near Kottayam,9.6057,76.7295,500,500,—,2018 Kerala Floods (2018),IndianEagle.com – Inspiring Stories Kerala Floods 2018
Kerala,Malappuram,Malappuram District Relief Camp,Flood,Malappuram Town,11.073,76.074,4500,4500,—,2018 Kerala Floods (2018),Wikipedia – 2018 Kerala Floods
Kerala,Multiple Districts,Kerala July 2018 Flood Relief Camps (265 camps),Flood,Multiple districts – central and south Kerala,9.9312,76.2673,34600,34600,—,2018 Kerala July Floods (First Wave) (2018),ReliefWeb – India Floods Landslides Jun 2018 (ACT Alliance 17 Jul 2018)
Kerala,Palakkad,Malampuzha Relief Camp,Flood,"Malampuzha, Palakkad",10.8267,76.7022,2000,2000,—,2018 Kerala Floods (2018),Wikipedia – 2018 Kerala Floods
Kerala,Pathanamthitta,Chengannur Government HSS Relief Camp,Flood,"Chengannur, Pathanamthitta",9.3124,76.6161,5000,5000,—,2018 Kerala Floods (2018),Wikipedia – 2018 Kerala Floods; Indian Red Cross Report Sep 2018
Kerala,Pathanamthitta,Thiruvalla CARD Base Relief Camp,Flood,"Thiruvalla, Pathanamthitta",9.3833,76.5711,4000,4000,—,2018 Kerala Floods (2018),ReliefWeb – Overall Update Kerala Flood Relief 3 Sep 2018
Kerala,Thrissur,Chalakudy Govt. School Relief Camp,Flood,"Chalakudy, Thrissur",10.3027,76.332,2800,2800,—,2018 Kerala Floods (2018),ReliefWeb – Kerala Floods; Wikipedia
Kerala,Wayanad,Pozhuthana Panchayat Relief Camp,Flood,"Pozhuthana, Wayanad",11.65,76.12,2000,2000,—,2018 Kerala Floods (2018),IDRF Kerala Floods 2018; Christian Aid Appeal 2018
Kerala,Wayanad,Panamaram Panchayat Camp – Kakathod Hamlet,Flood,"Kakathod, Panamaram, Wayanad",11.75,76.09,300,300,—,2018 Kerala Floods (2018),Christian Aid Kerala Floods Appeal 2018
Madhya Pradesh,Shivpuri,Shivpuri / Gwalior Flood Relief Camp,Flood,"Shivpuri District, MP",25.4358,77.6598,4000,4000,—,2018 Madhya Pradesh Monsoon Floods (2018),ReliefWeb – India Floods Jun 2018 (Sep MP floods); Govt India Sep 2018
Maharashtra,Kolhapur,Kolhapur District Flood Relief Camp,Flood,Kolhapur District,16.705,74.2433,3000,3000,—,2018 Maharashtra Monsoon Floods (2018),NERC Report Jun 2018; ReliefWeb
Maharashtra,Nashik,Nashik District Flood Relief Camp,Flood,Nashik District,19.9975,73.7898,2000,2000,—,2018 Maharashtra Monsoon Floods (2018),ReliefWeb – India Floods Jun 2018; NERC Report
Manipur,Imphal West,Manipur Flood Relief Camp,Flood,Imphal West District,24.817,93.9368,2000,2000,—,2018 Manipur Monsoon Floods (2018),NERC Report Jun 2018 (9 deaths in Manipur)
Meghalaya,East Khasi Hills,Shillong + East Khasi Hills Landslide Camp 2018,Landslide/Flood,"Shillong, Nongthymmai, Mawlai, Sohra (Cherrapunji)",25.57,91.88,8000,8000,School / Church,2018 Meghalaya Monsoon Landslides (2018),NDMA Landslide (Meghalaya chronic zone); ECHO 2018 India Floods+Landslides
Odisha,Balasore,Balasore District Relief Camps,Cyclone,Balasore District,21.4942,86.9301,4000,4000,—,Cyclone Titli 2018 (2018),NDRF Report – Cyclone Titli 2018; Odisha SRC
Odisha,Gajapati,Gajapati District Cyclone Shelter Camps,Cyclone,Gajapati District – interior hills,19.25,84,12000,12000,—,Cyclone Titli 2018 (2018),Odisha SRC Situation Report; CLAPS Research; Wikipedia Cyclone Titli
Odisha,Gajapati,Gajapati District Cyclone Daye Relief Camps,Cyclone,Gajapati District,19.25,84,3000,3000,—,Cyclone Daye 2018 (2018),ReliefWeb – India Floods Jun 2018; Wikipedia
Odisha,Ganjam,Ganjam District Cyclone Shelter Camps,Cyclone,Ganjam District – Coastal & inland areas,19.3858,84.6897,15000,15000,—,Cyclone Titli 2018 (2018),Odisha SRC Situation Report 11 Oct 2018; Wikipedia Cyclone Titli
Odisha,Malkangiri,Malkangiri District Cyclone Daye Relief Camps,Cyclone,Malkangiri District (cut off area),18.357,81.8886,5000,5000,—,Cyclone Daye 2018 (2018),ReliefWeb – India Floods Landslides Jun 2018; Wikipedia Cyclone Daye
Odisha,Puri,Puri District Cyclone Evacuation Shelters,Cyclone,Puri District – coastal areas,19.8135,85.8312,8000,8000,—,Cyclone Titli 2018 (2018),NDRF Cyclone Titli 2018; Odisha SRC Report
Odisha,Rayagada,Rayagada / Gunupur Sub-Division Relief Camps,Cyclone,"Gunupur, Rayagada District",19.0775,83.8013,5000,5000,—,Cyclone Titli 2018 (2018),ReliefWeb – Cyclone Titli Govt Steps Up Relief Operations
Rajasthan,Alwar,Alwar Dust Storm Relief Camp,Dust Storm,"Alwar District, Rajasthan",27.563,76.6346,800,800,—,2018 Indian Dust Storms (2018),Wikipedia – 2018 Indian Dust Storms; BBC 14 May 2018
Rajasthan,Barmer,Barmer Monsoon Flood Relief Camp,Flood,"Barmer District, Rajasthan",25.7521,71.3967,3000,3000,—,2018 Rajasthan Monsoon Floods (2018),ReliefWeb – India Floods Jun 2018 (Sep Rajasthan mention)
Rajasthan,Bharatpur,Bharatpur & Dholpur Dust Storm Relief Camp,Dust Storm,"Bharatpur / Dholpur, Rajasthan",27.2152,77.4941,400,400,—,2018 Indian Dust Storms (2018),Wikipedia – 2018 Indian Dust Storms
Tamil Nadu,Dindigul,Dindigul District Cyclone Gaja Relief Camps,Cyclone,Dindigul District,10.3624,77.9695,15000,15000,—,Cyclone Gaja 2018 (2018),ReliefWeb – India Floods Nov 2018
Tamil Nadu,Nagapattinam,Nagapattinam District Cyclone Gaja Relief Camps,Cyclone,Nagapattinam District – coastal,10.7672,79.8449,60000,60000,—,Cyclone Gaja 2018 (2018),ReliefWeb – India Floods Nov 2018; Wikipedia
Tamil Nadu,Pudukottai,Pudukottai District Cyclone Gaja Relief Camps,Cyclone,Pudukottai District,10.3797,78.8268,20000,20000,—,Cyclone Gaja 2018 (2018),ReliefWeb – India Floods Nov 2018; ECHO Nov 2018
Tamil Nadu,Ramanathapuram,Ramanathapuram District Cyclone Gaja Camps,Cyclone,Ramanathapuram District,9.3639,78.8395,12000,12000,—,Cyclone Gaja 2018 (2018),ReliefWeb – India Floods Nov 2018
Tamil Nadu,Thanjavur,Thanjavur District Cyclone Gaja Relief Camps,Cyclone,Thanjavur District,10.787,79.1378,30000,30000,—,Cyclone Gaja 2018 (2018),ReliefWeb – India Floods Nov 2018
Tamil Nadu,Tiruvarur,Tiruvarur District Cyclone Gaja Relief Camps,Cyclone,Tiruvarur District,10.774,79.6365,40000,40000,—,Cyclone Gaja 2018 (2018),ReliefWeb – India Floods Nov 2018; ECHO Nov 2018
Tripura,West Tripura,West Tripura District Flood Relief Camp,Flood,Agartala / West Tripura,23.8315,91.2868,5000,5000,—,2018 Tripura Monsoon Floods (2018),NERC Report Jun 2018 (21 deaths in Tripura)
Uttar Pradesh,Agra,Agra Dust Storm Emergency Relief Camp,Dust Storm,"Agra, Uttar Pradesh",27.1767,78.0081,2000,2000,—,2018 Indian Dust Storms (2018),Wikipedia – 2018 Indian Dust Storms; NASA Earth Observatory; BBC 14 May 2018
Uttar Pradesh,Allahabad (Prayagraj),Prayagraj Flood Relief Camp,Flood,Prayagraj (Sangam area),25.4358,81.8463,3000,3000,—,2018 Uttar Pradesh Monsoon Floods (2018),Govt of India Report Aug 2018
Uttar Pradesh,Varanasi,Varanasi Ganga Flood Relief Camp,Flood,"Varanasi, Ganga belt",25.3176,82.9739,4000,4000,—,2018 Uttar Pradesh Monsoon Floods (2018),Govt of India Report – 2 Aug 2018 (109 UP deaths)
Uttarakhand,Uttarkashi,Uttarkashi Cloudburst Flash Flood Camp,Flood,Uttarkashi District,30.7268,78.4354,1500,1500,—,2018 Uttarakhand Cloudburst Floods (2018),ReliefWeb – India Floods Jun 2018; NDMI report
West Bengal,Cooch Behar,Cooch Behar District Flood Relief Camp,Flood,Cooch Behar District,26.3453,89.4442,3000,3000,—,2018 West Bengal Monsoon Floods (2018),NERC Report Jun 2018
West Bengal,Jalpaiguri,Jalpaiguri District Flood Relief Camp,Flood,Jalpaiguri District,26.5449,88.7179,5000,5000,—,2018 West Bengal Monsoon Floods (2018),NERC Report Jun 2018; ReliefWeb
Andhra Pradesh,Srikakulam,Srikakulam Cyclone Fani Relief Camp (AP),Cyclone,"Srikakulam District, AP",18.2949,83.8938,17460,17460,—,Cyclone Fani 2019 (2019),Wikipedia Cyclone Fani – AP section; NDRF Operations Fani
Assam,Barpeta,Barpeta Flood Relief Camps 2019,Flood,Barpeta District,26.3232,91.0059,15000,15000,—,2019 Assam Brahmaputra Floods (2019),ReliefWeb – India Floods Jun 2019; Wikipedia 2019 Indian Floods
Bihar,Patna,Patna Urban Flood Relief Camps 2019,Flood,"Patna City, Bihar",25.5941,85.1376,30000,30000,—,2019 Bihar Urban Floods (Sep-Oct) (2019),ReliefWeb – India Floods Jun 2019 (Sep Oct Bihar section); Wikipedia 2019 Indian Floods
Bihar,Sitamarhi,Sitamarhi Flood Relief Camps 2019,Flood,Sitamarhi District,26.5853,85.4847,20000,20000,—,2019 Bihar Monsoon Floods (2019),Wikipedia 2019 Indian Floods – Bihar; ReliefWeb Floods Jun 2019
Gujarat,Junagadh,Junagadh / Morbi Flood Relief Camps 2019,Flood,Junagadh / Morbi Districts,21.5222,70.4579,30000,30000,—,2019 Gujarat Monsoon Floods (2019),Wikipedia 2019 Indian Floods – Gujarat; ReliefWeb Floods Jun 2019
Himachal Pradesh,Shimla,"Shimla District Flash Flood Camp (1,065% excess rain)",Flood,"Shimla District, HP",31.1048,77.1734,5000,5000,—,2019 Himachal Pradesh Monsoon Floods (2019),ReliefWeb India Floods Jun 2019 (19 Aug ECHO report); Wikipedia 2019 Indian Floods
India (Multiple States),Churu / Rajasthan,2019 Indo-Pakistani Heatwave – Bihar/Rajasthan Relief,Heatwave,"Churu, Rajasthan (50.8°C) + Bihar heatwave zone",28.294,74.965,5000,5000,—,2019 Indo-Pakistani Heatwave (2019),Wikipedia – 2019 Indo-Pakistani Heatwave; NDMI heatwave report
Karnataka,Belagavi,Belagavi Flood Relief Camps 2019,Flood,Belagavi District,15.8497,74.4977,15000,15000,—,2019 Karnataka Monsoon Floods (2019),Wikipedia 2019 Indian Floods; NDRF Flood 2019 Karnataka section
Karnataka,Kodagu,Kodagu (Coorg) Flood & Landslide Relief Camp,Flood,"Kodagu District, Western Ghats",12.3375,75.8069,10000,10000,—,2019 Karnataka Monsoon Floods (2019),Wikipedia 2019 Indian Floods – Karnataka; NDRF Flood 2019
Karnataka,Kodagu,Kodagu (Coorg) Landslide-Flood Camp 2019 (2nd consecutive year),Landslide/Flood,"Madikeri, Somwarpet, Virajpet (Kodagu)",12.42,75.74,10000,10000,School / Community Hall / Homestay shelter,2019 Karnataka Monsoon Floods + Landslides (2019),Wikipedia 2019 Indian Floods (34 Karnataka deaths; NDRF 7 KA teams); ReliefWeb India 2019; ECHO Aug 2019
Kerala,Malappuram,Malappuram Flood Relief Camps 2019,Flood,Malappuram District,11.073,76.074,15000,15000,—,2019 Kerala Monsoon Floods (2019),Wikipedia 2019 Indian Floods – Kerala; ReliefWeb Floods Jun 2019
Kerala,Malappuram,Malappuram Kavalappara + Nilambur Landslide Camp 2019,Landslide,"Kavalappara village, Nilambur, Tirur (Malappuram)",11.07,76.08,3000,3000,School / Church / Community Hall,2019 Malappuram Kavalappara Landslide — 58 dead (2019),Wikipedia 2019 Kerala Floods; ECHO Aug 2019 (101 Kerala deaths; 7 missing); Caritas India Kerala 2019
Kerala,Wayanad,Wayanad Flood Relief Camps 2019 (Landslide),Flood,Wayanad District – hill areas,11.6014,76.0827,20000,20000,—,2019 Kerala Monsoon Floods (2019),Wikipedia 2019 Indian Floods; ReliefWeb Jun 2019
Madhya Pradesh,Khandwa,MP Khandwa / Indore Flood Relief Camp 2019,Flood,"Khandwa, Indore, Sehore Districts",21.826,76.3522,20000,20000,—,2019 Madhya Pradesh Monsoon Floods (2019),NDRF Flood 2019 – MP section; ReliefWeb Floods Jun 2019
Maharashtra,Dhule,Dhule Flood Relief Camp 2019 (2nd most vulnerable MH district; NDRF Dhule),Flood,"Dhule, Shirpur, Sindkheda",20.9,74.77,9000,9000,School / Community Hall,2019 Maharashtra Monsoon Floods (2019),NDRF Flood 2019 (Dhule named in 32-team MH deployment); Maharashtra SDMP 2023
Maharashtra,Kolhapur,Kolhapur Flood Relief Camps 2019,Flood,Kolhapur District,16.705,74.2433,50000,50000,—,2019 Maharashtra Monsoon Floods (2019),Wikipedia 2019 Indian Floods; NDRF Flood 2019; ReliefWeb Floods Jun 2019
Maharashtra,Nagpur,Nagpur Urban + Peri-Urban Flood Camp 2019 (Wardha-Wainganga rivers),Flood,"Nagpur, Ramtek, Hingna",21.15,79.09,12000,12000,School / Community Hall,2019 Maharashtra Monsoon Floods (2019),NDRF.gov.in Flood 2019 (Nagpur named in 32-team MH deployment); Wikipedia 2019 Indian Floods
Maharashtra,Nashik,Nashik Flood Relief Camp 2019 (NDRF deployed; 761 villages 69 tehsils),Flood,"Nashik, Igatpuri, Trimbakeshwar",19.99,73.79,15000,15000,School / Community Hall,2019 Maharashtra Monsoon Floods (2019),NDRF.gov.in Flood 2019 (32 MH teams; deployed Nashik); Caritas India Nov 2019; ReliefWeb India floods 2019
Maharashtra,Sangli,Sangli Flood Relief Camps 2019 (Worst Hit),Flood,Sangli District,16.8524,74.5815,80000,80000,—,2019 Maharashtra Monsoon Floods (2019),Wikipedia 2019 Indian Floods – Maharashtra; NDRF Flood 2019
Maharashtra,Satara,Satara Flood Relief Camps 2019,Flood,Satara District,17.6805,74.0183,30000,30000,—,2019 Maharashtra Monsoon Floods (2019),Wikipedia 2019 Indian Floods; NDRF 2019
Maharashtra,Thane,Thane Palghar Flood + Landslide Camp 2019 (Konkan coast),Flood/Landslide,"Thane, Bhiwandi, Badlapur",19.21,73.19,20000,20000,School / Community Hall,2019 Maharashtra Monsoon Floods (2019),ECHO 5 Jul 2019 (21 fatalities Mumbai; 21 Pune; 10 more MH); NDRF 2019 (Kalyan-Thane team named)
Odisha,Balasore,Balasore Cyclone Bulbul Relief Camps,Cyclone,Balasore District,21.4942,86.9301,20000,20000,—,Cyclone Bulbul 2019 (2019),NDRF Operations Bulbul; FloodList Bulbul
Odisha,Cuttack,Cuttack City Cyclone Fani Relief Camps,Cyclone,Cuttack City and district,20.4625,85.883,50000,50000,—,Cyclone Fani 2019 (2019),Odisha SRC Assessment; JRNA; ReliefWeb Fani
Odisha,Ganjam,Ganjam District Cyclone Fani Relief Camps,Cyclone,Ganjam District – coastal,19.3858,84.6897,25000,25000,—,Cyclone Fani 2019 (2019),Wikipedia Cyclone Fani; Odisha SRC
Odisha,Jagatsinghpur,Jagatsinghpur Cyclone Fani Relief Camps,Cyclone,Jagatsinghpur District,20.2641,86.173,40000,40000,—,Cyclone Fani 2019 (2019),Americares India Cyclone Fani Report; JRNA Report May 2019
Odisha,Kendrapara,Kendrapara Cyclone Fani Relief Camps,Cyclone,Kendrapara District,20.5022,86.423,30000,30000,—,Cyclone Fani 2019 (2019),Odisha SRC FANI Assessment; Wikipedia Cyclone Fani
Odisha,Khordha,Khordha (Bhubaneswar) Cyclone Fani Relief Camps,Cyclone,Bhubaneswar / Khordha District,20.2961,85.8245,80000,80000,—,Cyclone Fani 2019 (2019),Wikipedia Cyclone Fani; Odisha SRC Assessment Report; UNICEF May 2019
Odisha,Puri,"Puri Cyclone Fani Relief Camps – 9,177 Shelters",Cyclone,Puri District – coastal and interior,19.8135,85.8312,300000,300000,—,Cyclone Fani 2019 (2019),Wikipedia Cyclone Fani; UNICEF Sit Rep May 2019; ReliefWeb Fani JRNA; NDRF Operations Fani
West Bengal,East Medinipur,East Medinipur Cyclone Bulbul Relief Camps,Cyclone,"Contai, Digha, East Medinipur",21.7843,87.75,50000,50000,—,Cyclone Bulbul 2019 (2019),NDRF Operations Bulbul 2019
West Bengal,North 24 Parganas,North 24 Parganas Cyclone Bulbul Relief Camps,Cyclone,"Basirhat, Hasnabad, Hingalganj – North 24 PGS",22.7193,88.8959,200000,200000,—,Cyclone Bulbul 2019 (2019),NDRF Operations Bulbul; Wikipedia Cyclone Bulbul; ActionAid India
West Bengal,South 24 Parganas,South 24 Parganas Cyclone Bulbul Relief Camps,Cyclone,"Kakdwip, Sagar Island, Namkhana, Digha",21.9721,88.0458,300000,300000,—,Cyclone Bulbul 2019 (2019),NDRF Operations Bulbul; FloodList Cyclone Bulbul Nov 2019
Andhra Pradesh,Nellore,Nellore District Cyclone Nivar Relief Camp (AP),Cyclone,"Nellore District, AP",14.4426,79.9865,3000,3000,—,Cyclone Nivar 2020 (2020),ActionAid India 2020; Wikipedia Cyclone Nivar
Assam,Barpeta,Barpeta Flood Relief Camps 2020,Flood,Barpeta District,26.3232,91.0059,20000,20000,—,2020 Assam Brahmaputra Floods (2020),ASDMA 2020 Flood Reports; ReliefWeb 2020
Assam,Dima Hasao,Dima Hasao (Haflong) Landslide Relief Camp 2020,Landslide/Flood,"Haflong, Maibong, Langting",25.17,93.01,7000,7000,Government School,2020 Dima Hasao Monsoon Landslides (2020),ECHO 2020 Assam Floods; NDMA Landslide (Assam NE chronic zone)
Assam,Morigaon,Morigaon Flood Relief Camps 2020,Flood,Morigaon District,26.255,92.3342,12000,12000,—,2020 Assam Brahmaputra Floods (2020),ASDMA 2020 Reports
Bihar,Darbhanga,Darbhanga Flood Relief Camps 2020,Flood,Darbhanga District,26.1524,85.899,30000,30000,—,2020 Bihar Monsoon Floods (2020),NDRF Operations 2020; Bihar SDMA Reports
Maharashtra,Raigad,Raigad District Cyclone Nisarga Relief Camps,Cyclone,"Alibag, Raigad District, Maharashtra",18.6413,72.8722,50000,50000,—,Cyclone Nisarga 2020 (2020),CNN June 2020; ActionAid India Amphan/Nisarga Response; Wikipedia Cyclone Nisarga
Maharashtra,Ratnagiri,Ratnagiri District Cyclone Nisarga Relief Camps,Cyclone,"Ratnagiri District, Maharashtra",16.9902,73.312,20000,20000,—,Cyclone Nisarga 2020 (2020),ActionAid India Amphan/Nisarga Response; Wikipedia Cyclone Nisarga
Mizoram,Aizawl,Aizawl Mizoram Earthquake Relief + Shelter Assessment Camp 2020,Earthquake,"Aizawl city, Thingsai, Darlawn",23.73,92.72,8000,8000,School / Church / Open space (COVID-distanced),2020 Mizoram Earthquake (M5.5 Jun 21 2020) (2020),"ScienceDirect 2021 ""Lessons learnt from post-earthquake damage study NE India"" (explicitly covers 2020 Mizoram EQ); NIDM; Mizoram SDMA 2020"
Odisha,Balasore,Odisha Super Cyclone Amphan Relief Shelters,Cyclone,"Balasore, Bhadrak, Kendrapara, Jagatsinghpur, Puri",21.4942,86.9301,237000,237000,—,Super Cyclone Amphan 2020 (2020),Wikipedia – Effects of Cyclone Amphan in India; ReliefWeb Amphan Final Report; NDRF Amphan
Tamil Nadu,Puducherry,Puducherry / Villupuram Cyclone Nivar Relief Camps,Cyclone,"Puducherry + Villupuram District, TN",11.9416,79.8083,100000,100000,—,Cyclone Nivar 2020 (2020),ActionAid India 2020 Cyclone Response; Wikipedia 2020 North Indian Ocean Cyclone Season
Telangana,Hyderabad,Hyderabad Urban Flash Flood Relief Camp,Flood,"Hyderabad City, Telangana",17.385,78.4867,10000,10000,—,2020 Hyderabad Flash Floods (2020),Wikipedia – 2020 Hyderabad Floods; Floods in India Wikipedia; ReliefWeb 2020
Uttarakhand,Chamoli,Chamoli Flood & Landslide Relief Camp 2020,Flood,"Chamoli District, Uttarakhand",30.4152,79.3226,3000,3000,—,2020 Uttarakhand Monsoon Floods (2020),NDRF Operations 2020; UK SDMA Reports
Uttarakhand,Chamoli,Chamoli Earthquake Precautionary Shelter 2020 (M4.8 Feb; before 2021 GLOF),Earthquake,"Joshimath, Tapovan, Chamoli town",30.42,79.33,1500,1500,Government Building / School,2020 Chamoli District Earthquake Cluster (M4.8+ events) (2020),Wikipedia Chamoli 2020+2021; USDMA 2020; ITBP
West Bengal,East Medinipur,East Medinipur Super Cyclone Amphan Shelters,Cyclone,"Nandigram, Contai, Digha – East Medinipur",21.7843,87.75,100000,100000,—,Super Cyclone Amphan 2020 (2020),Wikipedia – Effects of Cyclone Amphan in India; NDRF Operations Amphan 2020
West Bengal,Kolkata,Kolkata Urban Super Cyclone Amphan Relief Camp,Cyclone,Kolkata Metropolitan Area,22.5726,88.3639,50000,50000,—,Super Cyclone Amphan 2020 (2020),Wikipedia – Effects of Cyclone Amphan in India; UNICEF WB Sit Rep No.3; CNN June 2020
West Bengal,North 24 Parganas,North 24 Parganas Super Cyclone Amphan Shelters,Cyclone,"Sandeshkhali, Hasnabad, Hingalganj, Bashirhat – North 24 PGS",22.7193,88.8959,200000,200000,—,Super Cyclone Amphan 2020 (2020),ReliefWeb Amphan; ActionAid India; Wikipedia Amphan
West Bengal,South 24 Parganas,South 24 Parganas Super Cyclone Amphan Shelters,Cyclone,"Kakdwip, Sagar Island, Patharpratima, Gosaba – South 24 PGS",21.9721,88.0458,500000,500000,—,Super Cyclone Amphan 2020 (2020),Wikipedia – Effects of Cyclone Amphan in India; ReliefWeb Amphan Final Report DREF MDRIN025; Refugees International July 2020
West Bengal,South 24 Parganas,South 24 Parganas Monsoon Flood Relief Camps 2020,Flood,South 24 Parganas – post-Amphan + monsoon,21.9721,88.0458,50000,50000,—,2020 West Bengal Monsoon Floods (Post-Amphan) (2020),Refugees International July 2020 (Amphan + flood complex); IFRC DREF MDRIN025
Andhra Pradesh,Nellore,Nellore AP Nov 2021 Flood Relief Camps,Flood,"Nellore District, AP",14.4426,79.9865,57970,57970,—,2021 AP November Floods (2021),ReliefWeb ECHO 22 Nov 2021
Andhra Pradesh,Srikakulam,Srikakulam Cyclone Gulab Evacuation Camps,Cyclone,"Kalingapatnam coast, Palasa, Srikakulam",18.3,83.9,46075,46075,—,Cyclone Gulab 2021 (2021),Wikipedia Cyclone Gulab 2021; Unacademy Cyclones India 2021
Andhra Pradesh,Srikakulam,Srikakulam Cyclone Jawad Evacuation Camps,Cyclone,"Kaviti, Palasa, Srikakulam coast",18.3,83.9,54008,54008,—,Cyclone Jawad 2021 (2021),Wikipedia Cyclone Jawad 2021
Bihar,Gopalganj,Gopalganj Gandak River Flood Camp 2021,Flood,Gopalganj District – Gandak belt,26.4736,84.4345,15000,15000,—,2021 Bihar Monsoon Floods (2021),FloodList – India floods Bihar HP UK Jul 2021
Gujarat,Amreli,Amreli Cyclone Tauktae Relief Camp,Cyclone,Amreli District,21.6027,71.2219,8000,8000,—,Cyclone Tauktae 2021 (2021),UNICEF Sit Rep 19 May 2021
Gujarat,Bhavnagar,Bhavnagar Cyclone Tauktae Relief Camp,Cyclone,Bhavnagar District,21.7645,72.1519,15000,15000,—,Cyclone Tauktae 2021 (2021),UNICEF Sit Rep 19 May 2021; Wikipedia Cyclone Tauktae
Gujarat,Botad,Botad District Cyclone Tauktae Relief Camp,Cyclone,"Botad District, Gujarat",22.1696,71.6647,5000,5000,—,Cyclone Tauktae 2021 (2021),Wikipedia Cyclone Tauktae
Gujarat,Gir Somnath,Gir Somnath Cyclone Tauktae Relief Camps,Cyclone,"Veraval & surrounds, Gir Somnath",20.9059,70.3629,36000,36000,—,Cyclone Tauktae 2021 (2021),Wikipedia Cyclone Tauktae; UNICEF Sit Rep 19 May 2021; PIB Press Release Tauktae
Gujarat,Junagadh,Junagadh District Cyclone Tauktae Relief Camp,Cyclone,Junagadh District,21.5222,70.4579,10000,10000,—,Cyclone Tauktae 2021 (2021),Wikipedia Cyclone Tauktae
Himachal Pradesh,Kangra,Kangra Triund Landslide Relief Camp 2021,Flood,"Kangra District (Triund, Dharamshala area)",32.219,76.3234,1500,1500,—,2021 HP Monsoon Floods + Landslides (2021),FloodList – India floods Bihar HP UK Jul 2021
Jammu & Kashmir,Kishtwar,Honzar Village Kishtwar Cloudburst Emergency Camp,Landslide/Cloudburst,"Honzar village, Dachhan Tehsil, Kishtwar",33.31,75.76,200,200,—,2021 J&K Cloudbursts (2021),MHA NERC Sitrep 28 Jul 2021
Karnataka,Belagavi,Belagavi District Flood Relief Camps 2021,Flood,"Chikodi, Raibag, Athani, Gokak (upper Krishna basin)",15.85,74.5,9000,9000,—,2021 Karnataka Monsoon Floods (2021),MHA NERC Sitrep 28 Jul 2021; FloodList Jul 2021; The Wire Science Jul 2021
Karnataka,Kodagu,Kodagu / Madikeri Landslide Relief Camps 2021,Flood/Landslide,"Madikeri, Virajpet, Kushalnagar",12.42,75.74,2000,2000,—,2021 Karnataka Monsoon Floods (2021),MHA NERC Sitrep 28 Jul 2021; Karnataka CM Relief Fund
Karnataka,Shivamogga,Shivamogga Flood Relief Camps 2021,Flood/Landslide,"Shivamogga city, Bhadravati, Sagar",13.93,75.57,3500,3500,—,2021 Karnataka Monsoon Floods (2021),MHA NERC Sitrep 28 Jul 2021; Zee News Karnataka Floods Jul 2021
Karnataka,Uttara Kannada,Uttara Kannada Cyclone Tauktae Relief Camp,Cyclone,"Karwar, Uttara Kannada",14.8158,74.1292,3000,3000,—,Cyclone Tauktae 2021 (2021),Wikipedia Cyclone Tauktae; Karnataka SDMA
Karnataka,Uttara Kannada,Uttara Kannada / Karwar Flood Camps 2021,Flood/Landslide,"Karwar, Ankola, Kumta, Bhatkal",14.8,74.13,4000,4000,—,2021 Karnataka Monsoon Floods (2021),MHA NERC Sitrep 28 Jul 2021; FloodList Jul 2021
Kerala,Ernakulam,Chellanam Cyclone Tauktae Relief Camp,Cyclone,"Chellanam, Ernakulam",9.85,76.28,2000,2000,—,Cyclone Tauktae 2021 (2021),Wikipedia Cyclone Tauktae
Kerala,Kozhikode,Kozhikode Oct 2021 Flood Relief Camps,Flood,"Kozhikode District, Kerala",11.2588,75.7804,2000,2000,—,2021 Kerala October Floods (2021),ReliefWeb OCHA 18 Oct 2021
Maharashtra,Kolhapur,Kolhapur 2021 Flood Relief Camps,Flood,Kolhapur District,16.705,74.2433,30000,30000,—,2021 Maharashtra Floods (2021),ReliefWeb HAI 3 Aug 2021; Wikipedia 2021 Maharashtra Floods
Maharashtra,Raigad,Raigad Taliye Village Landslide + Mahad Flood Camp 2021,Flood/Landslide,"Taliye village (Mahad taluka), Chiplun, Poladpur",18.1,73.3,12000,12000,—,2021 Maharashtra Floods (2021),MHA NERC Sitrep 28 Jul 2021; NDMA Jul 2021
Maharashtra,Ratnagiri,Ratnagiri 2021 Flood & Landslide Relief Camps,Flood,"Chiplun, Khed, Ratnagiri District",17.0078,73.2876,40000,40000,—,2021 Maharashtra Floods (2021),ReliefWeb HAI 3 Aug 2021; Wikipedia 2021 Maharashtra Floods
Maharashtra,Ratnagiri,Ratnagiri Chiplun Flood + Landslide Camp 2021 (Vashishthi river; 20 ft floodwater),Flood/Landslide,"Chiplun, Khed, Ratnagiri city (Konkan)",17.35,73.3,45000,45000,School / Community Hall / elevated buildings,2021 Maharashtra Floods (Konkan July 2021) (2021),NDRF.gov.in press release Jul 2021 (34 teams MH; 1800 rescued; 52 bodies landslide); IndiaTVNews Jul 2021; MHA sitrep Jul 2021
Maharashtra,Sangli,Sangli 2021 Flood Relief Camps,Flood,Sangli District,16.8524,74.5815,20000,20000,—,2021 Maharashtra Floods (2021),ReliefWeb HAI 3 Aug 2021
Maharashtra,Satara,Satara 2021 Flood Relief Camps,Flood,Satara District – Taliye village area,17.6805,74.0183,50000,50000,—,2021 Maharashtra Floods (2021),ReliefWeb HAI 3 Aug 2021; Wikipedia 2021 Maharashtra Floods
Maharashtra,Satara,Satara Mahad + Poladpur Landslide-Flood Camp 2021 (28 dead landslide alone),Flood/Landslide,"Mahad, Poladpur, Wai, Karad (Satara-Raigad border)",17.72,73.73,35000,35000,School / Community Hall,2021 Maharashtra Floods (Konkan-Western MH July 2021) (2021),IndiaTVNews Jul 2021 LIVE (37 Satara deaths; 28 Taliye landslide alone; CM Uddhav visited; 308 MH camps total)
Maharashtra,Sindhudurg,Sindhudurg Flood Relief Camp 2021 (Konkan coastal district),Flood,"Kudal, Sawantwadi, Oros (Sindhudurg)",16.27,73.96,8000,8000,School / Community Hall,2021 Maharashtra Floods (Konkan July 2021) (2021),"Maharashtra SDMA Jul 2021 (1,271 evacuated Sindhudurg); NDRF 2021 MH operations"
Maharashtra,Thane,Thane District 2021 Flood Relief Camp,Flood,"Thane District – including Ambernath, Badlapur",19.2183,73.0926,10000,10000,—,2021 Maharashtra Floods (2021),Wikipedia 2021 Maharashtra Floods
Maharashtra,Wardha,Wardha District Flood Relief Camp 2021,Flood,"Wardha, Hinganghat, Arvi",20.75,78.6,2200,2200,—,2021 Maharashtra Floods (2021),MHA NERC Sitrep 28 Jul 2021
Odisha,Balasore,Balasore Cyclone Yaas Relief Camps,Cyclone,Balasore District – coastal,21.4942,86.9301,60000,60000,—,Cyclone Yaas 2021 (2021),Wikipedia Cyclone Yaas; ACAPS Briefing Note 1 Jun 2021
Odisha,Bhadrak,Bhadrak Cyclone Yaas Relief Camp,Cyclone,Bhadrak District – coastal,21.0573,86.5115,40000,40000,—,Cyclone Yaas 2021 (2021),ACAPS Briefing Note 1 Jun 2021
Odisha,Gajapati,Gajapati / Koraput Cyclone Gulab Relief Camp,Cyclone,"R.Udayagiri, Gajapati; Pottangi, Koraput",19.37,84.03,15000,15000,—,Cyclone Gulab 2021 (2021),Wikipedia Cyclone Gulab 2021
Odisha,Kendrapara,Kendrapara Cyclone Yaas Relief Camps,Cyclone,Kendrapara District – Bhitarkanika coast,20.5022,86.423,25000,25000,—,Cyclone Yaas 2021 (2021),Wikipedia Cyclone Yaas; OCHA ReliefWeb 31 May 2021
Odisha,Puri,Puri District Cyclone Jawad Precautionary Evacuation Camps,Cyclone,"Puri coast, Konark, Gopalpur",19.81,85.83,40000,40000,—,Cyclone Jawad 2021 (2021),Wikipedia Cyclone Jawad 2021
Tamil Nadu,Chennai,Chennai Nov 2021 Flood Relief Camps,Flood,Chennai Metropolitan Area,13.0827,80.2707,889,889,—,2021 TN Nov Floods + Cyclone 04B (2021),ReliefWeb ECHO 8 Nov 2021
Uttarakhand,Chamoli,Reni & Tapovan Chamoli GLOF Relief Camps,Flood,"Reni village + Tapovan NTPC site, Chamoli",30.4893,79.7782,1000,1000,—,2021 Chamoli Glacial Flash Flood (2021),Wikipedia – 2021 Uttarakhand Flood; ITBP Press Release Feb 2021
Uttarakhand,Chamoli,Tapovan / Joshimath Emergency Rescue Camp (Chamoli Glacier Disaster),Flood/GLOF/Landslide,"Tapovan Vishnugad NTPC site, Reni village, Joshimath",30.55,79.57,2500,2500,—,2021 Chamoli Glacial Flash Flood (2021),Wikipedia 2021 Uttarakhand Flood; ICIMOD Science journal; CNN Feb 2021; Business Standard Feb 2021
Uttarakhand,Multiple Districts,Uttarakhand Oct 2021 Landslide Relief Camps – 13 Districts,Landslide,13 districts – central-northern UK,30.1304,79.1894,1385,1385,—,2021 UK Oct Landslides + Floods (2021),ReliefWeb ECHO 21 Oct 2021
West Bengal,East Medinipur,East Medinipur Cyclone Yaas Relief Camps,Cyclone,"Digha, Contai, Ramnagar – East Medinipur",21.7843,87.75,80000,80000,—,Cyclone Yaas 2021 (2021),Wikipedia Cyclone Yaas; ACAPS Briefing Note 1 Jun 2021
West Bengal,North 24 Parganas,North 24 Parganas Cyclone Yaas Relief Camps,Cyclone,"Sandeshkhali, Hasnabad, Hingalganj – North 24 PGS",22.7193,88.8959,30000,30000,—,Cyclone Yaas 2021 (2021),OCHA ReliefWeb 31 May 2021
West Bengal,South 24 Parganas,South 24 Parganas Cyclone Yaas Relief Camps,Cyclone,"Namkhana, Kakdwip, Sagar Island",21.9721,88.0458,100000,100000,—,Cyclone Yaas 2021 (2021),ACAPS Briefing Note 1 Jun 2021; OCHA 31 May 2021
Andhra Pradesh,Tirupati,Tirupati / Nellore Cyclone Mandous Flood Camps 2022,Cyclone,"Tirupati, Sri City, Nellore coastal area",13.65,79.42,4000,4000,—,Cyclone Mandous 2022 (2022),Wikipedia Cyclone Mandous 2022
Arunachal Pradesh,Papum Pare,Papum Pare Landslide Relief Camp 2022 (Itanagar),Landslide,"Itanagar, Papum Pare District",27.0844,93.6053,1500,1500,—,2022 Arunachal Pradesh Monsoon Landslides (2022),Scroll.in 30 Jun 2022 (AP section); ReliefWeb ECHO 16 May 2022
Assam,Cachar,Cachar–Silchar 2022 Flood Relief Camps (Urban Inundation),Flood,"Silchar City, Cachar District",24.8333,92.7789,200000,200000,—,2022 Assam Brahmaputra + Barak Valley Floods (2022),ReliefWeb ECHO 2022 reports; Bal Raksha Bharat 2022-23; Wikipedia 2022 India-Bangladesh Floods
Assam,Dima Hasao,Dima Hasao Landslide Relief Camps 2022,Landslide,"Dima Hasao District (Hill District) – Mahur, Jatinga areas",25.5579,93.0246,3000,3000,—,2022 Assam Landslides (NE India) (2022),ReliefWeb ECHO 16 May 2022
Assam,Nagaon,Nagaon 2022 Flood Relief Camp,Flood,Nagaon District – Kopili River belt,26.3448,92.6844,40000,40000,—,2022 Assam Brahmaputra Floods (2022),ReliefWeb ECHO 23 May 2022
Bihar,Sitamarhi,Sitamarhi 2022 Flood Relief Camps,Flood,Sitamarhi District – Bagmati belt,26.5853,85.4847,30000,30000,—,2022 Bihar Monsoon Floods (2022),ReliefWeb ECHO 30 Jun 2022
Gujarat,Kutch (Kachchh),Kutch 2022 Monsoon Flood Relief Camps,Flood,"Kutch District (Bhuj area), Gujarat",23.7337,69.8597,25000,25000,—,2022 Gujarat Monsoon Floods (2022),ReliefWeb ECHO Aug 2022; Wikipedia 2022 India-Bangladesh Floods (Gujarat section)
Himachal Pradesh,Kullu,Kullu–Manali 2022 Flood Relief Camp,Flood,"Kullu District, Manali area",32.2396,77.1887,5000,5000,—,2022 HP Monsoon Floods (2022),ReliefWeb ECHO 6 Jul 2022
Himachal Pradesh,Mandi,Mandi 2022 Flood Relief Camp – Worst HP District,Flood,Mandi District – Beas River belt,31.7083,76.9318,10000,10000,—,2022 HP Monsoon Floods (2022),ReliefWeb ECHO 30 Jun 2022 + 4 Aug 2022
Jharkhand,East Singhbhum,East Singhbhum / Jamshedpur Subarnarekha Flood Camp 2022,Flood,"Ghatsila, Baharagora, Jamshedpur outskirts",22.8,86.19,4500,4500,—,2022 Jharkhand Monsoon Floods (2022),ACAPS Briefing Note 31 Aug 2022; Wikipedia 2022 Odisha Floods
Karnataka,Belagavi,"Belagavi Flood Relief Camps 2022 (104 Karnataka camps; 3,810 sheltered)",Flood,"Chikodi, Raibag, Gokak, Athani",15.85,74.5,2500,2500,—,2022 Karnataka Monsoon Floods (2022),Zee News Karnataka Floods 2022; Karnataka SDMA 2022
Maharashtra,Raigad,Raigad 2022 Flood Relief Camp,Flood,"Raigad District – Mahad, Poladpur areas",18.56,73.1,20000,20000,—,2022 Maharashtra Monsoon Floods (2022),ReliefWeb ECHO 30 Jun 2022 + 4 Aug 2022
Manipur,Noney,Noney Tupul Landslide Relief Camp 2022,Landslide,"Tupul Yard, Jiribam-Imphal Railway site, Noney",24.7456,93.8847,500,500,—,2022 Manipur Tupul Landslide (2022),Wikipedia – 2022 Manipur Landslide; Scroll.in 30 Jun 2022
Meghalaya,East Khasi Hills,Meghalaya 2022 Flood Relief Camp – Cherrapunji,Flood,"East Khasi Hills (Cherrapunji / Mawsynram area), Meghalaya",25.2696,91.7318,5000,5000,—,2022 NE India – Bangladesh Floods (2022),Wikipedia – 2022 India-Bangladesh Floods; ReliefWeb ECHO 22 Jun 2022
Odisha,Balasore,Balasore Subarnarekha Flood Camp 2022,Flood,"Balasore, Basta, Jaleswar (Galudih release)",21.49,86.93,9000,9000,—,2022 Odisha Monsoon Floods (2022),ACAPS 31 Aug 2022; Wikipedia 2022 Odisha Floods; ActionAid India 2022
Odisha,Cuttack,Cuttack City Flood Relief Camps 2022,Flood,"Cuttack MCorp area, Choudwar, Athagarh",20.45,85.88,10000,10000,—,2022 Odisha Monsoon Floods (2022),Wikipedia 2022 Odisha Floods; Business Standard Odisha Floods Aug 2022
Odisha,Jagatsinghpur,Jagatsinghpur Flood Relief Camps 2022,Flood,"Jagatsinghpur, Balikuda, Ersama",20.26,86.17,18000,18000,—,2022 Odisha Monsoon Floods (2022),ACAPS Briefing Note 31 Aug 2022; Wikipedia 2022 Odisha Floods; ActionAid India 2022
Tamil Nadu,Chennai,Chennai Cyclone Mandous Relief Camps 2022,Cyclone,"Chennai city, Kanchipuram, Chengalpattu coastal",13.08,80.27,10000,10000,—,Cyclone Mandous 2022 (2022),Wikipedia Tropical Cyclones India 2022; Wikipedia Cyclone Mandous
Tripura,West Tripura,Tripura 2022 Flood Relief Camp,Flood,West Tripura – Agartala environs,23.8315,91.2868,10000,10000,—,2022 NE India Floods (2022),Wikipedia – 2022 India-Bangladesh Floods
Uttar Pradesh,Balrampur,Balrampur 2022 Flood Relief Camp,Flood,"Balrampur District, UP",27.4293,82.1767,20000,20000,—,2022 Balrampur Floods (2022),Wikipedia – Floods in India (2022 Balrampur mention)
Uttarakhand,Bageshwar,Bageshwar Cloudburst Flash Flood Camps 2022,Flood,Bageshwar District,29.8357,79.7698,2000,2000,—,2022 UK Monsoon Cloudbursts (2022),ReliefWeb ECHO 6 Jul 2022
West Bengal,North 24 Parganas,North 24 Parganas Cyclone Sitrang Precautionary Camp 2022,Cyclone,"Basirhat, Sandeshkhali, Hingalganj",22.85,88.39,4000,4000,—,Cyclone Sitrang 2022 (2022),Wikipedia 2022 North Indian Ocean Cyclone Season
Andhra Pradesh,Bapatla,Bapatla District Cyclone Michaung Camps,Cyclone,Bapatla – cyclone landfall district,15.9039,80.4716,30000,30000,—,Cyclone Michaung 2023 (2023),Wikipedia – 2023 Chennai Floods; NDRF 2023
Assam,Hojai,Hojai 2023 Second Wave Flood Relief Camps,Flood,Hojai District – inland flood-prone,26.0017,92.8585,15000,15000,—,2023 Assam Floods – Second Wave (2023),FloodList – Assam India floods Jun 2023
Assam,Lakhimpur,Lakhimpur 2023 First Wave Flood Camp,Flood,Lakhimpur District – Brahmaputra belt,27.2349,94.1013,5000,5000,—,2023 Assam Floods – First Wave (2023),ReliefWeb ECHO 17 Jun 2023
Delhi,Central Delhi,Delhi Yamuna Record Flood Relief Tents 2023,Flood,"Yamuna River floodplain, Central Delhi",28.6517,77.2431,27000,27000,—,2023 Delhi Yamuna Record Floods (2023),FloodList – Delhi Yamuna floods 2023; Wikipedia 2023 North India floods
Delhi,North East Delhi,North East Delhi Yamuna Khadar Flood Camp 2023,Flood,"Yamuna Khadar settlements, Sonia Vihar, Shahdara",28.69,77.31,2000,2000,—,2023 Delhi Yamuna Record Floods (2023),"NDRF Press Release ""Monsoon 2023 Flood Rescue Continues""; Wikipedia 2023 North India Floods"
Gujarat,Kutch,Kutch / Naliya Cyclone Biparjoy Mega Evacuation Camps,Cyclone,"Naliya, Jakhau Port, Mandvi, Lakhpat",23.27,68.84,94000,94000,—,Cyclone Biparjoy 2023 (2023),Wikipedia Cyclone Biparjoy 2023
Haryana,Ambala,Ambala 2023 Yamuna-Tributary Flood Camp,Flood,"Ambala District, Haryana",30.3782,76.7767,5000,5000,—,2023 North India Monsoon Floods (2023),Wikipedia 2023 North India Floods
Himachal Pradesh,Kullu,Kullu–Manali 2023 Flood Relief Camp,Flood,"Kullu District, Manali",32.2396,77.1887,3000,3000,—,2023 HP Catastrophic Monsoon Floods (2023),ReliefWeb ECHO 24 Aug 2023
Himachal Pradesh,Mandi,Mandi–Solan–Shimla Aug 2023 Catastrophic Floods,Flood,"Mandi, Solan, Shimla Districts – worst hit",31.7083,76.9318,20000,20000,—,2023 HP Catastrophic Monsoon Floods (2023),ReliefWeb ECHO 15 Aug 2023; Wikipedia 2023 North India Floods
Himachal Pradesh,Solan,Solan District Flood Relief Camps 2023,Flood/Landslide,"Solan, Nalagarh, Baddi, Parwanoo",30.91,77.1,2800,2800,—,2023 HP Catastrophic Monsoon Floods (2023),ECHO 15 Aug 2023; Wikipedia 2023 North India Floods
Maharashtra,Raigad,Irshalwadi Village Landslide Relief Camp 2023,Landslide,"Irshalwadi village, Khalapur Taluk, Raigad",18.6413,73.28,300,300,—,2023 Irshalwadi Landslide (2023),ReliefWeb ECHO 21 Jul 2023
Punjab,Patiala,Patiala 2023 Monsoon Flood Relief Camp,Flood,"Patiala District, Punjab",30.3398,76.3869,10000,10000,—,2023 Punjab Monsoon Floods (2023),Wikipedia 2023 North India Floods
Rajasthan,Barmer,Barmer / Jaisalmer Cyclone Biparjoy Relief Camp 2023,Cyclone,"Barmer, Jaisalmer, Jodhpur border belt",25.75,71.38,2500,2500,—,Cyclone Biparjoy 2023 (2023),Wikipedia Cyclone Biparjoy 2023
Sikkim,North Sikkim,South Lhonak GLOF Relief Camps – Teesta Valley,Flood,"Singtam + Teesta Valley, North Sikkim",27.6644,88.6089,5000,5000,—,2023 Sikkim Glacial Lake Outburst (2023),Wikipedia – 2023 Sikkim GLOF
Tamil Nadu,Chennai,Chennai 2023 Pre-Cyclone Michaung Flood Relief Camps,Cyclone,Chennai Metropolitan Area,13.0827,80.2707,50000,50000,—,Cyclone Michaung 2023 (2023),Wikipedia – 2023 Chennai Floods; NDRF 2023
Tamil Nadu,Villupuram,Villupuram Cyclone Michaung Relief Camp,Cyclone,Villupuram District,11.939,79.4912,15000,15000,—,Cyclone Michaung 2023 (2023),Wikipedia – 2023 Chennai Floods
Uttar Pradesh,Gautam Buddha Nagar,Noida Hindrise Cattle Ashram NDRF Animal Rescue Camp (Sector-135),Flood,"Sector 135, Noida (Yamuna floodplain)",28.54,77.39,50,50,—,2023 Delhi Yamuna Record Floods (2023),"NDRF Press Release ""Monsoon 2023 NDRF Conducts Flood Water Rescue Operations"""
Uttarakhand,Uttarkashi,Uttarkashi 2023 Cloudburst Camp,Flood,Uttarkashi District,30.7268,78.4354,3000,3000,—,2023 UK Monsoon + Cloudbursts (2023),Wikipedia – 2023 Himalayan Floods
West Bengal,Jalpaiguri,Jalpaiguri Teesta Downstream Camp (Sikkim GLOF wave),Flood/GLOF,"Jalpaiguri, Siliguri outskirts, Coronation Bridge area",26.54,88.73,4000,4000,—,2023 Sikkim Glacial Lake Outburst Flood (2023),Al Jazeera Oct 2023; Washington Post Oct 2023; Wikipedia 2023 Sikkim GLOF
Andhra Pradesh,Palnadu,Palnadu District Flood Camp 2024 (Nagarjunasagar releases),Flood,"Narasaraopet, Macherla, Sattenapalle",16.24,79.65,4800,4800,—,2024 Vijayawada Budameru Floods (2024),ECHO Sep 2024; Sphere India Sitrep Sep 2024
Andhra Pradesh,Vijayawada,Vijayawada Budameru Flood Relief Camps,Flood,"Vijayawada, Krishna District",16.5062,80.648,44000,44000,—,2024 Vijayawada Budameru Floods (2024),Yearender 2024 Asianet News; ReliefWeb Jul 2024
Assam,Darrang,Darrang 2024 Flood Relief Camps,Flood,Darrang District,26.4574,92.0349,20000,20000,—,2024 Assam Floods (2024),NE India Broadcast Assam Floods 2024
Assam,Karimganj,Karimganj 2024 Flood Relief Camps,Flood,Karimganj District – Kushiyara River belt,24.8671,92.35,50000,50000,—,2024 Assam Floods (2024),Wikipedia – 2024 India Floods; ReliefWeb ECHO 2 Jul 2024; NE India Broadcast
Bihar,Darbhanga,Darbhanga 2024 Sep Flood Relief Camps,Flood,Darbhanga District – 14 districts,26.1524,85.899,9500,9500,—,2024 Bihar September Floods (2024),ReliefWeb ECHO 27 Sep 2024
Gujarat,Vadodara,Vadodara 2024 Urban Flash Flood Relief Camps,Flood,Vadodara City + rural Gujarat,22.3072,73.1812,20000,20000,—,2024 Gujarat Monsoon Floods (2024),Wikipedia – 2024 India Floods; ReliefWeb ECHO 26 Jul 2024
Gujarat,Vadodara,Vadodara Cyclone Asna / Flood Relief Camp 2024,Cyclone/Flood,"Vadodara city, Pani Gate, Fatehgunj",22.31,73.18,30000,30000,—,2024 Gujarat Monsoon Floods / Cyclone Asna (2024),Wikipedia 2024 North Indian Ocean Cyclone Season; Al Jazeera 2 Sep 2024
Himachal Pradesh,Shimla,HP 2024 Shimla–Mandi–Kullu Flood Camps,Flood,"Shimla, Mandi, Kullu Districts",31.1048,77.1734,5000,5000,—,2024 HP Monsoon Floods (2024),Wikipedia – 2024 India Floods; Yearender 2024 Asianet News
Kerala,Kozhikode,Kozhikode 2024 Flood Relief Camps,Flood,Kozhikode District,11.2588,75.7804,8000,8000,—,2024 Kerala Monsoon Floods (2024),ReliefWeb ECHO 1 Aug 2024
Kerala,Wayanad,Wayanad Landslide Relief Camps – Mundakkai & Chooralmala,Landslide,"Mundakkai, Chooralmala, Attamala, Vellarimala – Vythiri Taluk",11.55,76.05,8500,8500,—,2024 Wayanad Landslides (2024),Wikipedia – 2024 Wayanad Landslides; ReliefWeb ECHO 1 Aug 2024; SPHERE India
Mizoram,Aizawl,Aizawl Cyclone Remal Landslide Camp 2024,Cyclone,"Aizawl District, Mizoram",23.7271,92.7176,5000,5000,—,Cyclone Remal 2024 (2024),Wikipedia – 2024 NIO Season; Yearender 2024 ETV Bharat
Nagaland,Dimapur,Dimapur District Flood Relief Camp 2024,Flood/Landslide,"Dimapur, Chumukedima, Kiphire",25.91,93.72,2000,2000,—,2024 Nagaland Monsoon Floods (2024),MHA 2024; PIB Press Release Nov 2024 (IMCT constituted for Nagaland among 12 states)
Odisha,Bhadrak,Bhadrak Cyclone Dana Relief Camps,Cyclone,"Bhadrak, Balasore, Keonjhar, Mayurbhanj",21.0573,86.5115,216000,216000,—,Cyclone Dana 2024 (2024),Wikipedia – 2024 NIO Season; Yearender 2024 ETV Bharat
Odisha,Bhadrak,Bhadrak Cyclone Dana Relief Camps 2024,Cyclone,"Bhadrak, Chandbali, Dhamnagar",21.06,86.52,50000,50000,—,Cyclone Dana 2024 (2024),Wikipedia 2024 North Indian Ocean Cyclone Season
Odisha,Keonjhar,Keonjhar (Kendujhar) Dana Flood Relief Camp 2024,Cyclone/Flood,"Keonjhar, Anandapur, Barbil",21.63,85.58,18000,18000,—,Cyclone Dana 2024 (2024),Wikipedia 2024 North Indian Ocean Cyclone Season
Puducherry,Puducherry UT,Puducherry Cyclone Fengal Relief Camps,Cyclone,Puducherry Union Territory,11.9416,79.8083,10000,10000,—,Cyclone Fengal 2024 (2024),Wikipedia – 2024 NIO Season; Yearender 2024 Asianet News
Tamil Nadu,Villupuram,Villupuram Cyclone Fengal Relief Camps,Cyclone,Villupuram District,11.939,79.4912,4906,4906,—,Cyclone Fengal 2024 (2024),Yearender 2024 ETV Bharat; The South First 2024
Telangana,Hyderabad,Hyderabad Musi River Relief Camps Sep 2024,Flood,"Nadeem Colony, Amberpet, Saidabad, Falaknuma (Musi floodplain)",17.38,78.47,9000,9000,—,2024 Telangana Monsoon Floods (2024),Wikipedia 2024 North Indian Ocean Cyclone Season; Peoples Democracy Sep 2024
Telangana,Khammam,Khammam Telangana 2024 Flood Relief Camps,Flood,"Khammam District, Telangana",17.2473,80.1514,15000,15000,—,2024 Telangana Monsoon Floods (2024),Yearender 2024 Asianet News
Tripura,West Tripura,Agartala and West Tripura Flood Relief Camps 2024,Flood,"Agartala, Mohanpur, Jirania",23.84,91.28,9000,9000,—,2024 Tripura Monsoon Floods (2024),Wikipedia 2024 India Floods; Peoples Democracy Sep 2024
West Bengal,North 24 Parganas,North 24 Parganas Cyclone Remal Relief Camps 2024,Cyclone,"Basirhat, Sandeshkhali, Hingalganj (Sundarbans edge)",22.85,88.39,18000,18000,—,Cyclone Remal 2024 (2024),Wikipedia Cyclone Remal 2024; ETV Bharat Yearender 2024
West Bengal,South 24 Parganas,South 24 PGS Cyclone Remal Camps,Cyclone,"Sundarbans – Basirhat, Hasnabad, Sagar Island",22.7193,88.8959,216000,216000,—,Cyclone Remal 2024 (2024),Wikipedia – 2024 NIO Cyclone Season; Yearender 2024 ETV Bharat
Arunachal Pradesh,Papum Pare,Arunachal Pradesh 2025 BOB01 Flood Camp,Flood,Papum Pare District / Itanagar,27.0844,93.6053,3000,3000,—,2025 NE India BOB01 Floods (2025),Wikipedia – 2025 NIO Season
Assam,Cachar,Cachar / Silchar Flood Camp 2025,Flood,"Silchar, Sonai, Udharbond",24.79,92.87,4500,4500,—,2025 NE India BOB01 Floods (2025),HelpAge India 2025 appeal; ASDMA 2025
Assam,Goalpara,Goalpara Brahmaputra Flood Camp 2025,Flood,"Goalpara, Dudhnoi, Matia",26.17,90.63,3800,3800,—,2025 NE India BOB01 Floods (2025),ASDMA 2025; HelpAge India 2025
Assam,Lakhimpur,Lakhimpur 2025 Pre-Monsoon Flood Camps (BOB01),Flood,Lakhimpur District,27.2349,94.1013,10000,10000,—,2025 NE India BOB01 Floods (2025),Wikipedia – 2025 NIO Season (BOB01 section)
Gujarat,Vadodara,Vadodara 2025 Monsoon Flood Camp,Flood,Vadodara District,22.3072,73.1812,10000,10000,—,2025 India Monsoon Season (2025),Down to Earth/CSE Dec 2025; Gujarat SDMA
Himachal Pradesh,Mandi,Mandi 2025 Monsoon Flood Camp,Flood,Mandi District,31.7083,76.9318,8000,8000,—,2025 India Monsoon Season (331/334 days extreme weather) (2025),Down to Earth/CSE Dec 2025 Analysis
Kerala,Wayanad,Wayanad 2025 Monsoon Flood Relief Camps (Post-2024 Recovery),Flood,Wayanad District (ongoing recovery + 2025 floods),11.6014,76.0827,5000,5000,—,2025 India Monsoon Season (2025),Down to Earth/CSE Dec 2025; Kerala SDMA
Kerala,Wayanad,Wayanad Post-Landslide Rehabilitation Transitional Camp 2025,Landslide (Rehabilitation),"Chooralmala, Mundakkai, Kalpetta (new township sites)",11.6,76.08,2000,2000,—,2025 India Monsoon Season (2025),ReliefWeb Sitrep-2 Jul 2024; NDRF Raising Day 2025
Manipur,Imphal East,Manipur 2025 BOB01 Flood Relief Camp,Flood,"Imphal East District, Manipur",24.8637,93.9544,4000,4000,—,2025 NE India BOB01 Floods (2025),Wikipedia – 2025 NIO Season
Meghalaya,East Khasi Hills,Meghalaya 2025 BOB01 Flood Relief Camp,Flood,East Khasi Hills – Shillong environs,25.5788,91.8933,4000,4000,—,2025 NE India BOB01 Floods (2025),Wikipedia – 2025 NIO Season
Odisha,Balasore,Odisha BOB07 Oct 2025 Flood Camps,Flood,Balasore + coastal Odisha,21.4942,86.9301,5000,5000,—,2025 BOB07 India Floods (Oct) (2025),Wikipedia – 2025 NIO Season
Sikkim,East Sikkim,Sikkim 2025 BOB01 Flood Relief Camp,Flood,"Gangtok, East Sikkim",27.3389,88.6065,2000,2000,—,2025 NE India BOB01 Floods (2025),Wikipedia – 2025 NIO Season
Uttarakhand,Bageshwar,Bageshwar 2025 Flash Flood Relief Camp,Flood,Bageshwar District,29.8357,79.7698,1000,1000,—,2025 Uttarakhand Flash Floods (2025),Wikipedia – Floods in India (2025 UK flash flood mention)
Uttarakhand,Chamoli,Chamoli NDRF Pre-monsoon Pre-position + Char Dham Camp 2025,Flood/GLOF (Pre-monsoon preparedness),"Joshimath, Tapovan, Gauchar (NDRF base)",30.42,79.33,500,500,—,2025 India Monsoon Season (2025),NDRF Raising Day 2025; ICIMOD 2021 Chamoli Report
West Bengal,Darjeeling,Darjeeling BOB07 Oct 2025 Flood Camp,Flood,"Darjeeling Hills, West Bengal",27.036,88.2627,10000,10000,—,2025 BOB07 India Floods (Oct) (2025),Wikipedia – 2025 NIO Season (BOB07)
Rajasthan,Ajmer,Ajmer Banas-Saraswati Flash Flood Camp,Flood,Ajmer city (Anasagar lake zone),26.4499,74.6399,4000,3200,Government school cluster,2022 Rajasthan Monsoon Floods,NDMA SitRep; Rajasthan SDMA 2022; IIFL Foundation Rajasthan
Rajasthan,Bikaner,Bikaner Flash Flood Relief Camp,Flood,Bikaner city (Thar Desert urban zone),28.0229,73.3119,2500,2000,Government school + community hall,2022-23 Rajasthan Monsoon Floods,Rajasthan SDMA; NDMA annual flood data 2022
Rajasthan,Jodhpur,Jodhpur Luni River Flash Flood Camp,Flood,Jodhpur city,26.2389,73.0243,5000,4000,Municipal school + community hall,Aug 2022 Rajasthan Floods,Rajasthan SDMA 2022; NDMA
Rajasthan,Bhilwara,Bhilwara Kothari River Flood Camp,Flood,Bhilwara district,25.3407,74.6313,3000,2400,Government school,2022 Rajasthan Floods,Rajasthan SDMA 2022
Rajasthan,Jaipur,Jaipur Banas River Flood Relief Camp,Flood,Jaipur city (Banas basin),26.9124,75.7873,6000,4800,Municipal school cluster,2023 North India Floods; 2022 Floods,Wikipedia 2023 North India Floods (Rajasthan worst hit zone); NDMA
Rajasthan,Sikar,Sikar Kali Sindh Flash Flood Camp,Flood,Sikar district (Shekhawati region),27.6094,75.1399,2000,1600,Government school,2023 Rajasthan Floods,Rajasthan SDMA 2023; NDMA Sitrep Sep 2024
Rajasthan,Udaipur,Udaipur Ahar-Banas River Flood Camp,Flood,Udaipur city,24.5854,73.7125,5000,4000,Municipal school,Annual monsoon floods; 2022,Rajasthan SDMA; NDMA
Rajasthan,Chittorgarh,Chittorgarh Banas-Gambhiri Flood Camp,Flood,Chittorgarh district,24.8887,74.6269,4000,3200,Government school cluster,Annual Banas river flooding,Rajasthan SDMA
Rajasthan,Bundi,Bundi Chambal-Mej River Flood Camp,Flood,Bundi district,25.4384,75.6394,3000,2400,School + community hall,2022 Chambal basin floods,Rajasthan SDMA 2022; News Time Express Aug 2022
Rajasthan,Baran,Baran Chambal-Parwati Flood Camp,Flood,Baran district (Chambal headwaters zone),25.0941,76.5196,3500,2800,Government school,2022 Chambal basin floods (Baran worst hit),News Time Express Aug 24 2022; Rajasthan SDMA
Rajasthan,Banswara,Banswara Mahi River Tribal Camp,Flood,"Banswara district (tribal zone, Gujarat-MP tripoint)",23.5448,74.4441,3000,2400,School + panchayat shelter,Annual Mahi flooding; 2022,Rajasthan SDMA; NDMA tribal flood zones
Rajasthan,Pratapgarh,Pratapgarh Jakham River Flood Camp,Flood,Pratapgarh district,24.0282,74.778,2500,2000,Government school,Annual monsoon flooding,Rajasthan SDMA
Rajasthan,Rajsamand,Rajsamand Banas Flood Camp,Flood,Rajsamand district,25.0651,73.8756,2500,2000,School + community hall,Annual floods,Rajasthan SDMA
Rajasthan,Jaisalmer,Jaisalmer Cyclone Biparjoy Flash Flood Camp,Flood,Jaisalmer city (Thar Desert),26.9157,70.9083,2000,1700,Government school + community hall,Jun 2023 Cyclone Biparjoy aftermath,The Hindu Jun 20 2023; Rajasthan SDMA
Rajasthan,Nagaur,Nagaur Luni Basin Flood Camp,Flood,Nagaur district,27.2042,73.743,2000,1600,Government school,Jun 2023 Biparjoy; 2022 floods,Dainik Jagran Jun 2023; Rajasthan SDMA
Rajasthan,Hanumangarh,Hanumangarh Ghaggar-Hakra Flood Camp,Flood,Hanumangarh district (Ghaggar basin),29.582,74.3325,3000,2400,Government school cluster,2023 Ghaggar basin floods,Wikipedia 2023 North India Floods (Ghaggar in spate); Rajasthan SDMA
Rajasthan,Sri Ganganagar,Sri Ganganagar Indira Gandhi Canal Flood Camp,Flood,Sri Ganganagar district (canal zone),29.9104,73.8772,3000,2400,School + community hall,Annual canal breaches; 2023 floods,Rajasthan SDMA; NDMA
Rajasthan,Jalore,Jalore Sukri River Biparjoy Camp,Flood,Jalore district (main river zone),25.3464,72.6166,4000,3300,Government school + SDRF camp,Jun 2023 Cyclone Biparjoy aftermath,The Hindu Jun 20 2023; NDRF Rajasthan 2023
Haryana,Kurukshetra,Kurukshetra Saraswati-Ghaggar Flood Camp 2023,Flood,Kurukshetra district,29.9695,76.8783,2000,1700,School + community hall,2023 North India Floods,Wikipedia 2023 North India Floods; Haryana SDMA
Haryana,Kaithal,Kaithal Ghaggar River Flood Camp,Flood,Kaithal district (Ghaggar basin),29.8009,76.3997,3000,2500,Government school cluster,2023 North India Floods (Ghaggar in spate),Wikipedia 2023 North India Floods; ECHO Jul 2023
Haryana,Panipat,Panipat Yamuna Downstream Flood Camp,Flood,Panipat district (Yamuna plains),29.3909,76.9635,2500,2000,School + community shelter,2023 North India Floods,Wikipedia 2023 North India Floods; Haryana SDMA
Haryana,Sonipat,Sonipat Yamuna Pushta Flood Camp,Flood,Sonipat district (Yamuna floodplain),28.9931,77.0151,3000,2400,Government school,2023 North India Floods (Yamuna breached),ECHO Jul 2023 (Yamuna breached Haryana); Haryana SDMA
Haryana,Jhajjar,Jhajjar Sahibi River Flood Camp,Flood,Jhajjar district (Sahibi-Yamuna zone),28.6085,76.6573,2000,1600,School + community hall,2023 North India Floods,Haryana SDMA 2023; NDMA
Haryana,Palwal,Palwal Yamuna River Flood Camp,Flood,Palwal district (Yamuna plains),28.1488,77.3323,2000,1600,Government school,2023 Haryana Floods,Haryana SDMA 2023; Wikipedia 2023 North India Floods
Haryana,Rewari,Rewari Sahibi River Flash Flood Camp,Flood,Rewari district,28.1972,76.6177,1500,1200,Government school,2023 Haryana Floods,Haryana SDMA 2023
Haryana,Nuh,Nuh Sahibi River Flash Flood Camp,Flood,Nuh (Mewat) district,28.1073,77.0014,2000,1600,School + panchayat hall,2023 North India Floods,Wikipedia 2023 North India Floods (worst hit Haryana)
Haryana,Hisar,Hisar Ghaggar Canal Flood Camp,Flood,Hisar district,29.1492,75.7217,2000,1600,Government school cluster,2023 Haryana Floods,Haryana SDMA 2023
Haryana,Fatehabad,Fatehabad Ghaggar River Flood Camp,Flood,Fatehabad district (Ghaggar basin),29.5134,75.4559,3000,2500,Government school,2023 North India Floods (Ghaggar basin),Haryana SDMA; Wikipedia 2023 North India Floods
Haryana,Sirsa,Sirsa Ghaggar River Flood Camp,Flood,Sirsa district (Rajasthan border zone),29.5392,75.0276,3000,2500,School + community hall,2023 Haryana Floods,Haryana SDMA; FloodList Haryana
Delhi,South East Delhi,Madanpur Khadar Yamuna Pushta Camp,Flood,"Madanpur Khadar, South East Delhi",28.5084,77.3041,2000,1700,School + makeshift shelter,Delhi Yamuna Flood Jul 2023; Sep 2025,The Federal Sep 4 2025; CWC vulnerability list; DDMA
Delhi,South Delhi,Okhla Jaitpur Yamuna Pushta Flood Camp,Flood,"Jaitpur Yamuna Pushta, South Delhi",28.5318,77.3101,1500,1200,Makeshift tented camp,Delhi Yamuna Flood Jul 2023; Sep 2025,The Federal Sep 4 2025; DDMA
Delhi,North West Delhi,Sonia Vihar Usmanpur Yamuna Flood Camp,Flood,"Sonia Vihar / Usmanpur, North West Delhi",28.7223,77.2456,2000,1600,Tented camp (government provided),Delhi Yamuna Flood Jul 2023; Sep 2025,The Federal Sep 4 2025 (Usmanpur embankment reached)
Delhi,Shahdara,Yamuna Vihar Shahdara Flood Camp,Flood,"Yamuna Vihar, Shahdara, Delhi",28.6988,77.2877,3000,2500,School + makeshift shelter,Delhi Yamuna Flood Jul 2023; Sep 2025,The Federal Sep 4 2025; India TV News Aug 2025
Delhi,West Delhi,Majnu Ka Tila Yamuna Flood Evacuation Shelter,Flood,"Majnu Ka Tila, North Delhi (Ring Road)",28.7063,77.2283,2000,1600,Makeshift roadside shelter + tents,Delhi Yamuna Flood Jul 2023; Sep 2025,The Federal Sep 4 2025 (Majnu Ka Tila shopkeepers)
Delhi,New Delhi,ITO Ring Road Yamuna Flood Shelter,Flood,"ITO area / Ring Road, New Delhi",28.6289,77.241,1500,1200,Government building + makeshift,Delhi Yamuna Flood Jul 2023 (ITO area submerged),India.com Jul 13 2023; Wikipedia 2023 North India Floods
Delhi,North Delhi,Burari Open Ground Flood Relief Camp 2023,Flood,"Burari Ground, Burari, North Delhi",28.7378,77.2059,8000,6500,Open ground tented camp (16000 persons sheltered),Delhi Yamuna Flood Jul 2023 (208.66m all-time high),Wikipedia 2023 North India Floods (16000 sheltered Delhi); DDMA
Karnataka,Bagalkot,Bagalkot Ghataprabha-Malaprabha River Camp,Flood,Bagalkot district (Ghataprabha basin),16.1826,75.6961,4000,3200,Government school + panchayat hall,2019 & 2023 Karnataka Floods,Karnataka SDMA; Revenue Dept Annual Report 2023-24
Karnataka,Hassan,Hassan Hemavathi Dam Downstream Camp,Flood,Hassan district (Hemavathi dam zone),13.0067,76.096,6000,5000,Government school cluster,Annual Hemavathi dam release flooding,Karnataka SDMA; Revenue Dept AR 2023-24
Karnataka,Tumkur,Tumkur Shimsha River Flood Camp,Flood,Tumkur district,13.3409,77.1,5000,4000,Government school,Annual Shimsha flooding; 2020,Karnataka SDMA; Wikipedia 2020 Karnataka Floods
Karnataka,Mysuru,Mysuru Kabini-Cauvery River Camp,Flood,Mysuru city (Kabini downstream zone),12.2958,76.6394,6000,5000,Municipal school cluster,2019 & 2023 Karnataka Floods,Karnataka SDMA; Revenue Dept AR 2023-24
Karnataka,Mandya,Mandya Cauvery-KRS Dam Release Camp,Flood,Mandya district (KRS Dam downstream),12.5218,76.8951,8000,6500,Government school cluster + NDRF base,Annual KRS dam release flooding,Karnataka SDMA; Revenue Dept AR 2023-24
Karnataka,Chamarajanagar,Chamarajanagar Cauvery Flood Camp,Flood,Chamarajanagar district,11.9264,76.9441,4000,3200,Government school,Annual Cauvery basin flooding,Karnataka SDMA
Karnataka,Chikkaballapur,Chikkaballapur Pinakini River Flood Camp,Flood,Chikkaballapur district,13.4355,77.7277,3000,2400,Government school,Annual flooding,Karnataka SDMA
Karnataka,Koppal,Koppal Tungabhadra River Flood Camp,Flood,Koppal district (Tungabhadra zone),15.3504,76.153,4000,3200,School cluster,2020 & 2023 Karnataka Floods,Karnataka SDMA; Revenue Dept AR 2023-24
Karnataka,Gadag,Gadag Malaprabha River Flood Camp,Flood,Gadag district,15.4302,75.6188,4000,3200,Government school,2019 & 2023 Karnataka Floods,Karnataka SDMA
Karnataka,Belagavi,Belagavi Krishnapur-Tilakwadi Flood Camp 2023,Flood,Belagavi city (3000+ families),15.8497,74.4977,15000,12000,Government school cluster,2023 Karnataka Floods (Belagavi 3000+ families),The News Minute Aug 2023; Karnataka SDMA
Karnataka,Dharwad,Hubballi-Dharwad Flood Relief Camp,Flood,"Hubballi city, Dharwad district",15.3647,75.124,5000,4000,Municipal school cluster,2019 & 2023 Karnataka Floods,Karnataka SDMA; The News Minute Aug 2023
Karnataka,Haveri,Haveri Tungabhadra-Varada Flood Camp,Flood,Haveri district,14.7935,75.4015,5000,4000,School cluster,2019 & 2023 Karnataka Floods,Karnataka SDMA; Revenue Dept AR 2023-24
Karnataka,Uttara Kannada,Karwar Coastal Flood-Landslide Camp 2019,Flood / Landslide,"Karwar, Uttara Kannada coast",14.8004,74.1288,2000,1700,School + community hall,2019 Karnataka Floods (3088 evacuated Uttara Kannada),The Wire India Aug 2019
Karnataka,Udupi,Udupi Sauparnika-Swarna Coastal Camp,Flood / Landslide,Udupi district (Western Ghats zone),13.3409,74.7421,5000,4000,School + community hall,Annual Western Ghats landslides; 2022-23,Karnataka SDMA
Karnataka,Chikkamagaluru,Chikkamagaluru Ghats Landslide Camp (Hebbale zone),Landslide,"Horanadu-Hebbale zone, Chikkamagaluru",13.3161,75.772,1200,950,School + temporary shelter,2019 & 2020 Western Ghats Landslides,The Wire India Aug 2019; Karnataka SDMA
Telangana,Nizamabad,Nizamabad Godavari Flood Camp,Flood,Nizamabad district (Godavari headwaters),18.6726,78.0941,5000,4000,Government school cluster,2024 Telangana Monsoon Floods,NDMA SitRep Sep 3 2024; TSSDMA 2024
Telangana,Peddapalli,Peddapalli Godavari Flood Camp,Flood,Peddapalli district (Manair dam zone),18.613,79.3758,5000,4000,Government school + community hall,2024 Telangana Floods,TSSDMA 2024; NDMA SitRep 2024
Telangana,Adilabad,Adilabad Pranahita-Godavari Camp,Flood,Adilabad district (Pranhita-Godavari zone),19.6644,78.532,4000,3200,School + community hall,2024 Telangana Floods,TSSDMA 2024
Telangana,Medak,Medak Manjira River Flood Camp,Flood,Medak district (Manjira basin),17.98,78.2713,4000,3200,School cluster,2020 Hyderabad-Medak Urban Flood zone,TSSDMA 2020; NDMA
Telangana,Yadadri Bhuvanagiri,Yadadri Musi River Flood Camp,Flood,Yadadri Bhuvanagiri district (Musi basin),17.556,78.8726,3000,2400,Government school,2020 Hyderabad flooding downstream,TSSDMA 2020; NDMA
Madhya Pradesh,Guna,Guna Parbati River Flood Camp,Flood,Guna district (Parbati-Betwa zone),24.6481,77.3093,4000,3200,Government school,2021-22 MP Floods,MP SDMA; NDMA 2022
Madhya Pradesh,Vidisha,Vidisha Betwa-Veti River Camp,Flood,Vidisha district (Betwa basin),23.5251,77.8085,4000,3200,School + community hall,2021-22 MP Floods,MP SDMA 2022
Madhya Pradesh,Sagar,Sagar Sone-Dhasan River Camp,Flood,Sagar district (Bundelkhand),23.8388,78.7378,5000,4000,Government school cluster,Annual Bundelkhand flooding; 2021,MP SDMA; NDMA Bundelkhand
Madhya Pradesh,Damoh,Damoh Sunar River Flood Camp,Flood,Damoh district,23.8322,79.4418,3000,2400,Government school,Annual monsoon flooding,MP SDMA
Madhya Pradesh,Narsinghpur,Narsinghpur Narmada River Flood Camp,Flood,Narsinghpur district (Narmada basin),22.9497,79.1946,5000,4000,Government school cluster,2020-21 Narmada Floods,MP SDMA; NDMA Narmada basin
Madhya Pradesh,Raisen,Raisen Halali-Betwa Flood Camp,Flood,Raisen district (Narmada-Betwa zone),23.3316,77.7883,4000,3200,School cluster,Annual flooding; 2022,MP SDMA 2022
Madhya Pradesh,Harda,Harda Narmada River Flood Camp,Flood,Harda district (Narmada bank),22.3367,77.097,4000,3200,Government school,Annual Narmada flooding (highest risk zone),MP SDMA; NDMA Narmada basin
Madhya Pradesh,Khandwa,Khandwa Indira Sagar Dam Release Camp,Flood,Khandwa district (Indira Sagar catchment),21.8265,76.3516,5000,4000,School cluster + NDRF base,Annual dam release flooding,MP SDMA; NDMA Narmada basin
Madhya Pradesh,Seoni,Seoni Wainganga River Flood Camp,Flood,Seoni district (Wainganga headwaters),22.0887,79.5372,4000,3200,Government school,Annual Wainganga flooding,MP SDMA; NDMA
Madhya Pradesh,Mandla,Mandla Narmada-Banjar River Tribal Camp,Flood,"Mandla district (tribal zone, Narmada origin)",22.5989,80.3752,3000,2400,School + panchayat shelter,Annual Narmada source flooding,MP SDMA; NDMA tribal flood
Madhya Pradesh,Balaghat,Balaghat Wainganga-Bagh River Camp,Flood,Balaghat district (Wainganga basin),21.8132,80.1863,4000,3200,School cluster,Annual Wainganga flooding,MP SDMA; NDMA
Madhya Pradesh,Chhindwara,Chhindwara Pench-Kanhan River Camp,Flood,Chhindwara district (Satpura highlands),22.0574,78.9382,4000,3200,Government school cluster,Annual Pench flooding,MP SDMA
Chhattisgarh,Mahasamund,Mahasamund Mahanadi Flood Camp,Flood,Mahasamund district (Mahanadi basin),21.1082,82.0914,4000,3200,Government school cluster,Annual Mahanadi flooding,CG SDMA; NDMA
Chhattisgarh,Gariaband,Gariaband Mahanadi Tribal Flood Camp,Flood,Gariaband district (tribal zone),20.6343,82.0697,3000,2400,School + panchayat shelter,Annual Mahanadi flooding,CG SDMA; NDMA
Chhattisgarh,Kanker,Kanker Dudhawa-Sheonath Camp,Flood,Kanker district (Dudhawa River zone),20.2722,81.4953,3000,2400,School + community hall,Annual monsoon flooding,CG SDMA
Chhattisgarh,Kondagaon,Kondagaon Indravati Tribal Flood Camp,Flood,Kondagaon district (Bastar division),19.5985,81.6657,2500,2000,School + panchayat shelter,Annual Indravati flooding (tribal zone),CG SDMA; NDMA tribal
Chhattisgarh,Narayanpur,Narayanpur Indravati River Deep Forest Camp,Flood,Narayanpur district (Abujhmaad forest zone),19.7098,81.2419,2000,1600,Panchayat shelter + temporary tents,Annual Indravati flooding,CG SDMA; NDMA Bastar division
Chhattisgarh,Sukma,Sukma Shabbari-Sabari River Camp,Flood,Sukma district (Andhra border zone),18.3908,81.6599,2500,2000,School + temporary shelter,Annual Sabari flooding,CG SDMA; NDMA tribal
Chhattisgarh,Bijapur,Bijapur Indravati Flood Camp (insurgency zone),Flood,Bijapur district (remote tribal area),18.8394,80.6482,2000,1600,Temporary government shelter,Annual flooding,CG SDMA; NDMA
Chhattisgarh,Janjgir-Champa,Janjgir Mahanadi Flood Camp,Flood,Janjgir-Champa district,22.0128,82.5771,5000,4000,Government school,Annual Mahanadi flooding,CG SDMA
Chhattisgarh,Mungeli,Mungeli Seonath River Flood Camp,Flood,Mungeli district (Seonath river),22.0608,81.6855,3000,2400,Government school,Annual Seonath flooding,CG SDMA
Jharkhand,Ranchi,Ranchi Subarnarekha River Flood Camp,Flood,Ranchi city (Subarnarekha headwaters),23.3441,85.3096,5000,4000,Municipal school cluster,Annual Subarnarekha flooding,JH SDMA; NDMA
Jharkhand,Latehar,Latehar North Koel River Camp,Flood,Latehar district (North Koel river),23.7453,84.5006,3000,2400,Government school,Annual North Koel flooding,JH SDMA
Jharkhand,Garhwa,Garhwa North Koel-Kanhar Flood Camp,Flood,Garhwa district (UP-JH border zone),24.1645,83.8069,3000,2400,School + community hall,Annual flooding,JH SDMA; NDMA
Jharkhand,Chatra,Chatra Lilajan River Flood Camp,Flood,Chatra district,24.2048,84.875,3000,2400,Government school,Annual monsoon flooding,JH SDMA
Jharkhand,Deoghar,Deoghar Mayurakshi River Flood Camp,Flood,Deoghar district (Mayurakshi basin),24.4853,86.695,3000,2400,School + community hall,Annual Mayurakshi flooding,JH SDMA
Jharkhand,Hazaribagh,Hazaribagh Damodar River Camp,Flood,Hazaribagh district (Damodar basin),23.9925,85.3637,4000,3200,Government school cluster,Annual Damodar flooding,JH SDMA; DVC dam releases
Jharkhand,Bokaro,Bokaro DVC Damodar Flood Camp,Flood,Bokaro district (DVC dam zone),23.6693,86.1511,5000,4000,School cluster + DVC community shelter,Annual DVC dam release flooding,JH SDMA; DVC Damodar Valley
Odisha,Nuapada,Nuapada Tel River Drought-Flood Camp,Flood,Nuapada district (rainshadow zone),20.8259,82.539,4000,3200,Government school,Annual Mahanadi-Ib flooding,OSDMA; NDMA tribal
Odisha,Subarnapur,Subarnapur Mahanadi Flood Camp,Flood,Subarnapur (Sonepur) district,20.83,83.91,4000,3200,School + panchayat hall,Annual Mahanadi flooding,OSDMA; NDMA
Odisha,Nabarangpur,Nabarangpur Indravati Tribal Flood Camp,Flood,Nabarangpur district (tribal zone),19.2301,82.549,4000,3200,School + panchayat shelter,Annual Indravati flooding,OSDMA; NDMA tribal
Odisha,Kandhamal,Kandhamal Landslide-Flood Camp (tribal hills),Flood / Landslide,"Phulbani, Kandhamal district",20.4835,84.2327,3000,2400,School + community hall,Annual hill flooding and landslides,OSDMA; NDMA tribal
Odisha,Kalahandi,Kalahandi Tel-Hati River Flood Camp,Flood,"Bhawanipatna, Kalahandi district",19.9073,83.1706,4000,3200,Government school cluster,Annual Tel river flooding,OSDMA; NDMA
Odisha,Sambalpur,Sambalpur Hirakud Dam Release Flood Camp,Flood,Sambalpur city (Hirakud dam downstream),21.4669,83.9756,10000,8500,Municipal school + NDRF base,Annual Hirakud release flooding (major event every year),OSDMA; NDMA Mahanadi basin
Odisha,Bargarh,Bargarh Hirakud-Mahanadi Downstream Camp,Flood,Bargarh district (Hirakud downstream),21.3363,83.6174,8000,6500,School cluster,Annual Hirakud release flooding,OSDMA; Mahanadi dam release data
Odisha,Jharsuguda,Jharsuguda Ib-Mahanadi Flood Camp,Flood,Jharsuguda district (Ib river zone),21.8551,84.0064,5000,4000,School + community hall,Annual Ib river flooding,OSDMA; NDMA
Odisha,Sundargarh,Sundargarh Brahmani-Ib River Camp,Flood,"Rourkela, Sundargarh district",22.2604,84.8536,8000,6500,Municipal school cluster,Annual Brahmani-Ib flooding,OSDMA; NDMA
Odisha,Deogarh,Deogarh Brahmani River Flash Flood Camp,Flood,Deogarh district (Brahmani headwaters),21.5299,84.7365,3000,2400,Government school,Annual Brahmani flooding,OSDMA
Odisha,Kendujhar,Kendujhar Baitarani River Camp (already Keonjhar — using official name),Flood,Kendujhar town (alternate name Keonjhar),21.6288,85.5811,6000,5000,Government school + NDRF base,Annual Baitarani flooding; Cyclone Fani 2019,OSDMA Cyclone Fani; NDRF (1 team Keonjhar 2019)
Odisha,Puri,Puri Coastal Cyclone Shelter (post-Fani permanent),Cyclone,Puri town (sea shore zone),19.8106,85.8314,25000,20000,Permanent MPCS cyclone shelter (post-Fani 2019 construction),Annual cyclone season; Cyclone Dana 2024,OSDMA post-Fani reconstruction; UNICEF India 2020
Bihar,Bhojpur,Bhojpur Ganga-Sone Flood Camp,Flood,"Ara, Bhojpur district (Ganga-Sone zone)",25.5559,84.6615,5000,4000,Government school cluster,Annual Ganga-Sone flooding,BSDMA; NDMA Bihar
Bihar,Buxar,Buxar Ganga Flood Camp (UP-Bihar border),Flood,Buxar district (UP-Bihar Ganga zone),25.5655,83.9741,5000,4000,Government school,Annual Ganga flooding,BSDMA; MHA DM Bihar
Bihar,Rohtas,Rohtas Son River Flood Camp,Flood,"Sasaram, Rohtas district (Son river)",24.9459,84.0266,4000,3200,Government school cluster,Annual Son river flooding,BSDMA; NDMA Bihar
Bihar,Saran,Saran Gandak-Ghaghara Flood Camp,Flood,"Chhapra, Saran district",25.7803,84.7475,6000,5000,Government school cluster,Bihar Mega Floods 2017; Annual,BSDMA; NDMA (Saran listed priority district)
Bihar,Vaishali,Vaishali Gandak-Bagmati Flood Camp,Flood,"Hajipur, Vaishali district",25.6869,85.2095,5000,4000,Government school,Annual Gandak-Bagmati flooding,BSDMA; MHA DM Bihar
Bihar,Jehanabad,Jehanabad Morhar River Flood Camp,Flood,Jehanabad district,25.2091,84.9931,3000,2400,Government school,Annual monsoon flooding,BSDMA
Bihar,Nawada,Nawada Sakri-Gandak Flash Flood Camp,Flood,Nawada district,24.8873,85.5379,3000,2400,School + community hall,Annual flooding,BSDMA
Bihar,Lakhisarai,Lakhisarai Kiul River Flood Camp,Flood,Lakhisarai district,25.156,86.0924,3000,2400,Government school,Annual Kiul river flooding,BSDMA
Bihar,Jamui,Jamui Ulai-Kiun Flash Flood Camp,Flood,Jamui district (Jharkhand border),24.9259,86.2247,3000,2400,Government school,Annual monsoon flooding,BSDMA; NDMA
Bihar,Munger,Munger Ganga Flood Camp,Flood,Munger city (Ganga bank),25.3742,86.4726,4000,3200,Municipal school cluster,Annual Ganga flooding,BSDMA; NDMA Bihar
Bihar,Bhagalpur,Bhagalpur Ganga Flood Camp (Vikramshila zone),Flood,Bhagalpur city (Ganga bank),25.2425,86.9842,6000,5000,Municipal school cluster,Annual Ganga flooding,BSDMA; NDMA Bihar
Bihar,Banka,Banka Chanan-Ganga Flood Camp,Flood,Banka district (Jharkhand border),24.8803,86.9215,4000,3200,Government school,Annual flooding,BSDMA
Bihar,Katihar,Katihar Kosi-Mahananda Flood Camp,Flood,Katihar district (Kosi-Mahananda zone),25.5499,87.5785,6000,5000,Government school cluster,Bihar Mega Floods 2017; Annual,BSDMA; Bihar Mega Floods 2017 ReliefWeb
Assam,Biswanath,Biswanath Brahmaputra-Burhidihing Camp,Flood,Biswanath district (Biswanath Chariali),26.7282,93.1502,6000,5000,School cluster,Assam Floods 2024,Caritas India Assam 2024; ASDMA bulletin
Assam,Majuli,Majuli River Island Annual Flood Camp,Flood,Majuli island district (world's largest river island),26.9539,94.1667,5000,4200,School + elevated panchayat shelter,Annual Brahmaputra flooding (most vulnerable island),ASDMA; Satya Shakti Foundation Majuli flood data
Assam,Nagaon,Nagaon Brahmaputra-Kapili Flood Camp,Flood,Nagaon district,26.3472,92.684,8000,6500,School cluster,Assam Floods 2024,Business Standard Jul 2024; ASDMA
Assam,Nalbari,Nalbari Beki-Nona River Flood Camp,Flood,Nalbari district,26.4458,91.4388,5000,4000,Government school,Assam Floods 2024,Caritas India Assam 2024; ASDMA
Assam,South Salmara,South Salmara Brahmaputra Erosion-Flood Camp,Flood,South Salmara district (high erosion zone),25.92,89.97,4000,3200,Temporary tented camp + school,Annual Brahmaputra bank erosion flooding,ASDMA; Satya Shakti Foundation (Salmara highest risk)
Assam,Lakhimpur,Lakhimpur Subansiri-Ranganadi Flood Camp,Flood,"North Lakhimpur, Lakhimpur district",27.2345,94.1019,5000,4000,Government school cluster,Assam Floods 2024,Caritas India Assam 2024; ASDMA
Assam,Charaideo,Charaideo Brahmaputra Flood Camp,Flood,Charaideo district (former Sivasagar zone),26.9847,94.7296,5000,4000,School cluster,Assam Floods 2024,Caritas India Assam 2024; ASDMA
Assam,Sivasagar,Sivasagar Brahmaputra-Dikhow Flood Camp,Flood,Sivasagar district,26.9847,94.6395,5000,4000,School cluster,Assam Floods 2022-24,ASDMA bulletin; Caritas India 2024
Assam,Golaghat,Golaghat Dhansiri-Brahmaputra Camp,Flood,Golaghat district,26.5147,93.9713,5000,4000,Government school,Assam Floods 2024,Caritas India Assam 2024; ASDMA
Assam,Dibrugarh,Dibrugarh Brahmaputra-Buridehing Flood Camp,Flood,Dibrugarh city,27.4728,94.912,8000,6500,Municipal school cluster,Assam Floods 2024 (Dibrugarh high risk zone),ASDMA bulletin; Business Standard Jul 2024
Assam,Bongaigaon,Bongaigaon Aie-Brahmaputra Flood Camp,Flood,Bongaigaon district,26.4782,90.5568,5000,4000,Government school,Assam Floods 2024,Caritas India Assam 2024; ASDMA
Assam,Chirang,Chirang Aie River Flood Camp (BTC area),Flood,Chirang district (Bodoland),26.4928,90.4713,4000,3200,School + panchayat hall,Assam Floods 2024,Caritas India Assam 2024 (Chirang listed)
Assam,Baksa,Baksa Brahmaputra-Beki Flood Camp,Flood,Baksa district (BTR area),26.63,91.3,4000,3200,School cluster,Assam Floods 2024,ASDMA bulletin; Caritas India 2024
Assam,Karimganj,Karimganj Barak-Kushiyara Flood Camp,Flood,Karimganj district (Bangladesh border),24.8656,92.3547,6000,5000,Government school cluster,Assam Floods 2022 Wave 2 (Cachar-Karimganj worst hit),UNICEF Assam SitRep Jul 2022; FloodList Assam
West Bengal,Bankura,Bankura Damodar-Gandheswari Flood Camp,Flood,Bankura district (red laterite zone),23.2313,87.0753,5000,4000,Government school cluster,Annual Damodar-DVC release flooding,WBDMA; DVC Damodar releases
West Bengal,Paschim Bardhaman,Durgapur Damodar-DVC Flood Camp,Flood,"Durgapur, Paschim Bardhaman (DVC zone)",23.48,87.318,8000,6500,Municipal school cluster + DVC community shelter,Annual DVC release flooding,WBDMA; DVC West Bengal flood zone
West Bengal,Purba Bardhaman,Burdwan Damodar-Ajay Flood Camp,Flood,"Bardhaman city, Purba Bardhaman",23.2332,87.8615,8000,6500,Municipal school cluster,Annual Damodar-Ajay flooding,WBDMA; DVC West Bengal
West Bengal,Purulia,Purulia Kasai-Damodar Flood Camp,Flood,Purulia district (plateau zone),23.3329,86.3638,4000,3200,Government school,Annual Kasai river flooding,WBDMA; NDMA
West Bengal,Jhargram,Jhargram Kasai-Subarnarekha Camp,Flood,Jhargram district,22.4507,86.9896,4000,3200,School + community hall,Annual Kasai flooding; Cyclone Yaas 2021,WBDMA; DownToEarth Yaas 2021
West Bengal,Cooch Behar,Cooch Behar Torsa-Jaldhaka Flood Camp,Flood,Cooch Behar district (Bhutan border zone),26.3244,89.4454,6000,5000,Government school cluster,Annual Himalayan river flooding,WBDMA; NDMA North Bengal
West Bengal,Kolkata,Kolkata Ward-wise Cyclone Amphan Relief Camp,Cyclone,Kolkata city (multiple wards — Amphan worst hit),22.5726,88.3639,30000,25000,Municipal school cluster (KMC ward-wise),Cyclone Amphan May 2020,Wikipedia Cyclone Amphan (Kolkata badly affected); KMC 2020
West Bengal,East Medinipur,East Medinipur Cyclone Remal Shelter 2024,Cyclone,East Medinipur coastal zone,21.9516,87.7236,20000,17000,MPCS + school cluster,Cyclone Remal May 2024,ReliefWeb Cyclone Remal JRNA May 2024
Kerala,Idukki,Idukki Cheruthoni Dam Release Camp (2018),Flood,Idukki district (Cheruthoni dam overflow zone),9.8519,76.9772,15000,12000,Government school cluster + temporary shelter,2018 Kerala Mega Floods (Cheruthoni dam opened),SEOC Kerala 2018; NDMA Kerala (Cheruthoni spillway)
Kerala,Pathanamthitta,Pathanamthitta Pampa River Camp (Sabarimala access),Flood,Pathanamthitta district (Pampa river zone),9.2648,76.787,8000,6500,Government school cluster,2018 Kerala Floods (Pampa flooded Sabarimala),SEOC Kerala 2018; NDMA Kerala Report
Kerala,Alappuzha,Alappuzha Backwater Flood Camp (Venice of East),Flood,Alappuzha (Alleppey) district (backwater zone),9.4981,76.3388,10000,8500,School + community centre + elevated shelter,2018 & 2019 Kerala Floods,SEOC Kerala 2018; ReliefWeb Kerala DREF 2019
Kerala,Ernakulam,Kochi Ernakulam Periyar Flood Camp,Flood,"Kochi city, Ernakulam district",9.9312,76.2673,12000,10000,Municipal school cluster,2018 Kerala Mega Floods; 2019 Floods,SEOC Kerala 2018; NDMA Kerala
Kerala,Kozhikode,Kozhikode Chaliyar-Kuttiyadi Camp,Flood / Landslide,Kozhikode district (Western Ghats zone),11.2588,75.7804,8000,6500,Municipal school cluster,2018 & 2019 Kerala Floods,SEOC Kerala 2019
Kerala,Thiruvananthapuram,Thiruvananthapuram Neyyar-Karamana Camp,Flood,Thiruvananthapuram city,8.5241,76.9366,8000,6500,Municipal school cluster,2018 Kerala Floods; Annual monsoon,SEOC Kerala 2018; NDMA Kerala
Tamil Nadu,Thanjavur,Thanjavur Cauvery Delta Flood Camp (rice bowl),Flood,Thanjavur district (Cauvery delta),10.787,79.1378,8000,6500,Municipal school cluster,Annual Cauvery delta flooding,TNSCDMA; NDMA Tamil Nadu
Tamil Nadu,Tiruvarur,Tiruvarur Cauvery-Kollidam Flood Camp,Flood,Tiruvarur district (Cauvery delta zone),10.7668,79.6344,6000,5000,Government school cluster,Annual Cauvery delta flooding,TNSCDMA
Tamil Nadu,Kanyakumari,Kanyakumari Cyclone-Tsunami Coastal Camp,Cyclone,Kanyakumari district (southernmost tip),8.0883,77.5385,5000,4000,Government school + coastal shelter,Annual cyclone season; Cyclone Ockhi 2017,TNSCDMA; NDMA Cyclone Ockhi 2017
Tamil Nadu,Ramanathapuram,Ramanathapuram Cyclone Coastal Camp,Cyclone,Ramanathapuram district (Palk Strait coast),9.3762,78.8308,5000,4000,NCRMP shelter + school cluster,Annual cyclone season,TNSCDMA; NDMA cyclone preparedness
Tamil Nadu,Tenkasi,Tenkasi Tamiraparani Hills Flood Camp,Flood / Landslide,Tenkasi district (Western Ghats foothills),8.9597,77.3152,4000,3200,School + community hall,Annual Western Ghats flooding,TNSCDMA
Tamil Nadu,Theni,Theni Vaigai-Mullaiperiyar Camp,Flood,Theni district (Mullaiperiyar catchment zone),10.0104,77.477,5000,4000,Government school cluster,Annual Vaigai-dam release flooding,TNSCDMA; NDMA
Tamil Nadu,Pudukottai,Pudukottai Coastal Cyclone Camp,Cyclone,Pudukottai district (Palk Strait zone),10.3833,78.8001,4000,3200,Government school + cyclone shelter,Annual cyclone season; Cyclone Michaung 2023,TNSCDMA
Tamil Nadu,Kallakurichi,Kallakurichi Gomukhi-Gadilam Flood Camp,Flood,Kallakurichi district,11.7394,78.9608,3000,2400,Government school,Annual flooding,TNSCDMA
Tamil Nadu,Krishnagiri,Krishnagiri Thenpennai-Vanivilas Camp,Flood,Krishnagiri district,12.5266,78.2138,3000,2400,School + community hall,Annual flooding,TNSCDMA; NDMA
Tamil Nadu,Dharmapuri,Dharmapuri Thenpennai Flood Camp,Flood,Dharmapuri district,12.1278,78.158,3000,2400,Government school,Annual flooding,TNSCDMA
Tamil Nadu,Vellore,Vellore Palar River Flood Camp,Flood,Vellore city (Palar river),12.9165,79.1325,4000,3200,Municipal school cluster,Annual Palar flooding; 2015 South India Floods,TNSCDMA; NDMA 2015 South India Floods
Tamil Nadu,Ranipet,Ranipet Palar River Industrial Flood Camp,Flood,Ranipet district,12.9331,79.3323,3000,2400,Government school,Annual Palar flooding; 2015 South India Floods,TNSCDMA
Tamil Nadu,Tirupathur,Tirupathur Cheyyar River Flood Camp,Flood,Tirupathur district,12.4961,78.5725,3000,2400,School + community hall,Annual flooding,TNSCDMA
Gujarat,Dahod,Dahod Mahi River Tribal Flood Camp,Flood,Dahod district (tribal zone MP border),22.836,74.2616,3000,2400,School + panchayat shelter,Annual Mahi tribal flooding,GSDMA; NDMA tribal Gujarat
Gujarat,Chhota Udaipur,Chhota Udaipur Tribal Flood Camp,Flood,Chhota Udaipur district (Aravalli tribal zone),22.2993,74.0197,2500,2000,School + community shelter,Annual Mahi flooding (tribal zone),GSDMA; NDMA tribal Gujarat
Gujarat,Mahisagar,Mahisagar River Flood Camp,Flood,Mahisagar district,23.0849,73.4698,3000,2400,Government school,Annual Mahisagar river flooding,GSDMA; ReliefWeb 2024
Gujarat,Aravalli,Aravalli Hathmati Flood Camp,Flood,Aravalli district (Modasa area),23.4617,73.0035,2500,2000,Government school,2023 Sabarkantha-Aravalli Floods,The Federal Sep 9 2023 (Hathmati-Sabarkantha zone)
Gujarat,Gir Somnath,Gir Somnath Cyclone Biparjoy Coastal Camp,Cyclone,"Somnath / Veraval, Gir Somnath district",20.9006,70.3703,5000,4000,Government building + school shelter,Cyclone Biparjoy Jun 2023,Wikipedia Cyclone Biparjoy; GSDMA 2023
Gujarat,Junagarh,Junagarh Ozat-Shetrunji Flood Camp,Flood,Junagarh district,21.5222,70.4579,4000,3200,Government school + community hall,2024 Gujarat Floods; Annual,ReliefWeb Gujarat SitRep Aug 2024; GSDMA
Gujarat,Porbandar,Porbandar Cyclone Biparjoy Coastal Camp,Cyclone,Porbandar city (Gandhi birthplace zone),21.6425,69.6093,4000,3200,School + government shelter,Cyclone Biparjoy Jun 2023,Wikipedia Cyclone Biparjoy; GSDMA 2023
Gujarat,Botad,Botad Shetrunji Flood Camp,Flood,Botad district,22.169,71.6646,3000,2400,Government school,2024 Gujarat Floods,ReliefWeb Gujarat SitRep Aug 2024
Gujarat,Jamnagar,Jamnagar Cyclone Biparjoy-Flood Coastal Camp,Cyclone,Jamnagar city (Rann of Kutch zone),22.4707,70.0577,5000,4000,Municipal school + coastal shelter,Cyclone Biparjoy Jun 2023; Annual,Wikipedia Cyclone Biparjoy; GSDMA 2023
Gujarat,Bhavnagar,Bhavnagar Shihor Coastal Camp,Cyclone,Bhavnagar district (Gulf of Khambhat coast),21.7645,72.1519,4000,3200,Government school + coastal shelter,Cyclone Biparjoy Jun 2023; Annual,Wikipedia Cyclone Biparjoy; GSDMA 2023
Uttarakhand,Pithoragarh,Pithoragarh Sarda-Dhauliganga Flood Camp,Flood / Landslide,Pithoragarh district (Nepal border zone),29.5829,80.2181,3000,2500,School + ITBP shelter,Annual monsoon floods & landslides,NDRF UK; UKSDMA
Uttarakhand,Almora,Almora Kosi-Ramganga Hill Camp,Landslide,Almora district (Kumaon hills),29.5972,79.6591,2000,1700,Government school,Annual Kumaon landslides; 2023 UK Floods,UKSDMA 2023; Wikipedia 2023 North India Floods
Uttarakhand,Pauri Garhwal,Pauri Garhwal Landslide-Flood Camp,Flood / Landslide,Pauri Garhwal district,30.1479,78.7801,2000,1700,Government school + temporary shelter,Annual Garhwal landslides,UKSDMA; NDMA UK
Uttarakhand,Tehri Garhwal,Tehri Dam Downstream Flood Camp 2013,Flood / Landslide,"Tehri / New Tehri, Tehri Garhwal",30.3779,78.4798,5000,4000,Government school,Jun 2013 Kedarnath disaster; Annual,Operation Surya Hope (Tehri 2000 rescued 2013)
Uttarakhand,Dehradun,Dehradun Song-Rispana Urban Flood Camp,Flood,Dehradun city (Song-Rispana zone),30.3165,78.0322,8000,6500,Municipal school cluster,2023 UK Floods; Annual urban flooding,UKSDMA 2023; NDMA
Himachal Pradesh,Bilaspur,Bilaspur Govind Sagar Dam Release Camp,Flood,Bilaspur district (Govind Sagar lake zone),31.3337,76.7548,3000,2400,Government school,2023 HP Floods (8 districts hit: Bilaspur listed),ReliefWeb SitRep 15 Aug 2023 (Bilaspur in 8 districts)
Himachal Pradesh,Kangra,Kangra Beas-Banganga Flood Camp,Flood / Landslide,Dharamsala / Kangra district,32.0999,76.2691,4000,3200,Government school cluster,2023 HP Floods (Kangra listed in 8 worst districts),ReliefWeb SitRep 15 Aug 2023; HP SDMA
Himachal Pradesh,Hamirpur,Hamirpur Beas Catchment Flood Camp,Flood,Hamirpur district (Beas basin),31.6855,76.5225,2000,1600,Government school,2023 HP Floods (Hamirpur listed in 8 districts),ReliefWeb SitRep 15 Aug 2023 (Hamirpur)
Jammu & Kashmir,Kishtwar,Kishtwar Chenab River Flash Flood Camp,Flood / Landslide,Kishtwar district (Chenab gorge),33.3161,75.7683,3000,2400,Government school + NDRF camp,Annual Chenab flash floods,JKSDMA; NDMA JK
Jammu & Kashmir,Doda,Doda Chenab River Flood Camp,Flood / Landslide,Doda district (Chenab valley),33.1488,75.5472,3000,2400,School + SDRF shelter,Annual Chenab flooding; 2023 J&K Floods,JKSDMA 2023; NDMA JK
Jammu & Kashmir,Ramban,Ramban Chenab Landslide-Flood Camp (NH-44),Landslide,Ramban district (Jammu-Srinagar NH-44 zone),33.2409,75.2394,2000,1700,School + roadside shelter,Annual NH-44 landslides; 2023 J&K Floods,JKSDMA 2023; BRO Ramban operations
Jammu & Kashmir,Pulwama,Pulwama Jhelum River Flood Camp,Flood,"Pulwama district (Jhelum basin, South Kashmir)",33.8796,74.8979,5000,4000,Government school + security shelter,Sep 2014 J&K Mega Floods,Wikipedia 2014 J&K Floods; JKSDMA
Jammu & Kashmir,Baramulla,Baramulla Jhelum Flood Camp 2014,Flood,Baramulla district (Jhelum upstream),34.1971,74.3368,8000,6500,Government school + army shelter,Sep 2014 J&K Mega Floods,Wikipedia 2014 J&K Floods; NDRF JK 2014
Jammu & Kashmir,Kupwara,Kupwara Lolab Valley Flood Camp,Flood / Landslide,Kupwara district (LoC border zone),34.5265,74.2645,4000,3200,Government school + army camp,Annual Jhelum flooding; 2014 J&K Floods,JKSDMA; Wikipedia 2014 J&K Floods
Jammu & Kashmir,Shopian,Shopian Rambiyara River Camp,Flood,Shopian district (South Kashmir apple country),33.7163,74.8329,3000,2400,Government school,Sep 2014 J&K Floods; Annual,JKSDMA 2014; NDMA JK
Jammu & Kashmir,Poonch,Poonch Poonch River Flash Flood Camp,Flood / Landslide,Poonch district (LoC zone),33.7728,74.0931,3000,2400,School + army shelter,Annual Poonch floods; 2023 J&K,JKSDMA 2023; NDMA JK
Uttar Pradesh,Deoria,Deoria Rapti-Ghaghra Flood Camp,Flood,Deoria district (Bihar border),26.5029,83.7816,5000,4000,Government school cluster,UP Floods 2022-23,NDMA UP
Uttar Pradesh,Gonda,Gonda Ghaghra-Saryu Flood Camp,Flood,Gonda district (Ghaghra basin),27.1333,81.961,6000,5000,Government school cluster,UP Floods 2022-23 (Ghaghra high),NDMA UP SitRep; NDM India Oct 2023
Uttar Pradesh,Sitapur,Sitapur Ghaghra-Sarayan Flood Camp,Flood,Sitapur district,27.5633,80.6831,5000,4000,Government school,UP Floods 2022-23 (10 districts affected NDM),NDM India Oct 2023 (Sitapur listed)
Uttar Pradesh,Kushinagar,Kushinagar Gandak-Rohini Flood Camp,Flood,Kushinagar district (Bihar border-Nepal zone),26.7413,83.8878,5000,4000,Government school cluster,UP Floods 2022-23 (Kushinagar listed 10 districts),NDM India Oct 2023; NDMA UP
Uttar Pradesh,Lakhimpur Kheri,Lakhimpur Kheri Ghaghra-Sharda Flood Camp,Flood,Lakhimpur Kheri district (Nepal border),27.9463,80.7802,6000,5000,Government school cluster,UP Floods 2022-23 (Lakhimpur Kheri listed 10 districts),NDM India Oct 2023; NDMA UP
Uttar Pradesh,Varanasi,Varanasi Ganga Flood Camp (Ghats submerged),Flood,Varanasi city (sacred Ghats zone),25.3176,82.9739,8000,6500,Municipal school cluster,UP Floods 2022-23 (Ganga above danger Varanasi),NDMA UP; FloodList UP 2022
Uttar Pradesh,Azamgarh,Azamgarh Tamsa-Ghaghra Flood Camp,Flood,Azamgarh district,26.0728,83.1856,4000,3200,Government school cluster,UP Floods 2022,NDMA UP
Uttar Pradesh,Prayagraj,Prayagraj Naini Sangam Ganga-Yamuna Flood Camp,Flood,"Naini area, Prayagraj city",25.3992,81.8543,8000,6500,Municipal school cluster,UP Floods 2022; 2023 Prayagraj Ganga above danger,NDMA UP; FloodList UP
Uttar Pradesh,Basti,Basti Rapti River Flood Camp,Flood,Basti district (Rapti basin),26.8012,82.7381,4000,3200,Government school,UP Floods 2022,NDMA UP
Uttar Pradesh,Siddharth Nagar,Siddharthnagar Rapti-Ami Flood Camp,Flood,Siddharthnagar district (Nepal border),27.2954,83.1039,4000,3200,School + community hall,UP Floods 2022,NDMA UP
Manipur,Churachandpur,Churachandpur Loktak-Manipur River Camp,Flood,Churachandpur district,24.3436,93.6784,4000,3200,School + community hall (tribal),Annual Manipur river flooding,MSRDA; NDMA Manipur
Manipur,Noney,Noney Tupul Landslide Relief Camp (2022 railway camp),Landslide,Noney district (Tupul railway station zone),24.7498,93.7889,1000,800,NDRF + Army rescue base camp,Jun 2022 Noney Tupul Landslide (50+ died),Wikipedia 2022 Noney landslide (Tupul railway station); NDRF Manipur
Manipur,Imphal West,Imphal West Nambul River Urban Flood Camp,Flood,Imphal city (Nambul river),24.817,93.9368,5000,4000,Municipal school cluster,Annual Nambul flooding (Manipur capital),MSRDA; NDMA Manipur
Manipur,Jiribam,Jiribam Barak River Flood Camp (Assam border),Flood,Jiribam district (Assam border zone),24.8025,93.1164,3000,2400,Government school + temporary shelter,Annual Barak flooding; 2022 Manipur,MSRDA; NDMA Manipur
Meghalaya,Ri-Bhoi,Ri-Bhoi Umiam-Umtrew Flood Camp,Flood,Ri-Bhoi district (Guwahati border zone),25.7411,91.9891,3000,2400,Government school,Annual flooding; 2022 Meghalaya Floods,Meghalaya SDMA; ECHO May 2022 (Ri-Bhoi deaths)
Meghalaya,South Garo Hills,Baghmara South Garo Hills Flood Camp,Flood,"Baghmara, South Garo Hills (Bangladesh border)",25.2057,90.6283,3000,2400,School + community hall,Annual flooding (Bangladesh border zone),Meghalaya SDMA; ECHO 2022
Meghalaya,East Garo Hills,Tura East Garo Brahmaputra Tributary Camp,Flood,"Tura, East Garo Hills",25.5145,90.2131,4000,3200,School cluster,Annual Garo Hills flooding,Meghalaya SDMA; FloodList NE
Meghalaya,Jaintia Hills,Jaintia Hills Kopili Dam Zone Flood Camp,Flood,West Jaintia Hills (Kopili dam zone),25.5635,92.3685,3000,2400,Government school,Annual Kopili flooding,Meghalaya SDMA; Kopili dam release data
Arunachal Pradesh,Lower Siang,Lower Siang Siang River Flood Camp,Flood,Lower Siang district (Siang confluence zone),28.161,94.9049,3000,2400,Government school,Annual Siang flooding; 2025 NE BOB01 Floods,NDMA NE; NE India BOB01 Floods 2025
Arunachal Pradesh,Tirap,Tirap Tirap-Noa-Dihing Flood Camp,Flood,Tirap district (Myanmar border zone),27.0213,95.6754,2000,1700,Government school + ITBP shelter,Annual flooding,NDMA NE India; NDRF
Arunachal Pradesh,Changlang,Changlang Noa-Dihing Flood Camp,Flood,Changlang district (Myanmar border),27.1285,95.745,2500,2000,Government school,Annual flooding,NDMA NE India
Arunachal Pradesh,Upper Siang,Upper Siang GLOF Flash Flood Camp,Flood / Landslide,"Yingkiang, Upper Siang district",28.6278,95.0216,2000,1700,Temporary tented camp + government building,Annual Siang GLOFs,NDMA; disasterIND records Upper Siang
Arunachal Pradesh,Kurung Kumey,Kurung Kumey Kameng River Flood Camp,Flood,Kurung Kumey district (remote zone),27.871,93.436,1500,1200,Temporary tented camp,Annual Kameng flooding,NDMA NE India
Mizoram,Champhai,Champhai Myanmar Border Flood Camp,Flood / Landslide,Champhai district (Myanmar border),23.458,93.3227,2000,1600,Government school,Annual flooding; 2024 Mizoram Floods,Mizoram SDMA; NDMA
Mizoram,Saiha,Saiha Southern Mizoram Flood Camp,Flood / Landslide,Saiha district (southernmost Mizoram),22.4908,92.9706,1500,1200,Government school,Annual monsoon flooding,Mizoram SDMA
Mizoram,Mamit,Mamit Tlawng River Flood Camp (Bangladesh border),Flood / Landslide,Mamit district (Bangladesh border zone),23.919,92.479,2000,1600,School + panchayat hall,Annual Tlawng flooding,Mizoram SDMA; NDMA
Nagaland,Tuensang,Tuensang Dikhu River Flood Camp,Flood / Landslide,Tuensang district (Myanmar border),26.2733,94.8228,2000,1600,Government school,Annual monsoon flooding,Nagaland SDMA; NDMA NE
Nagaland,Mon,Mon Konyak Tribal Flood Camp,Flood,"Mon district (Myanmar border, Konyak territory)",26.7248,95.0046,2000,1600,Panchayat shelter + school,Annual monsoon flooding,Nagaland SDMA
Nagaland,Wokha,Wokha Tizu-Dhansiri Camp,Flood,Wokha district,26.1037,94.2629,1500,1200,Government school,Annual Dhansiri flooding,Nagaland SDMA
Nagaland,Zunheboto,Zunheboto Flash Flood-Landslide Camp,Flood / Landslide,Zunheboto district (Sumi territory),25.9977,94.5131,1500,1200,Government school,Annual monsoon flooding,Nagaland SDMA
Tripura,North Tripura,Dharmanagar North Tripura Flood Camp,Flood,"Dharmanagar, North Tripura",24.3765,92.1744,4000,3200,Government school cluster,2024 Tripura Monsoon Floods,NDMA 2024 Tripura Monsoon Floods; Tripura SDMA
Tripura,Khowai,Khowai River Flood Camp,Flood,Khowai district,24.0624,91.597,3000,2400,School + community hall,Annual Khowai river flooding,Tripura SDMA
Tripura,Unakoti,Unakoti Jiabharali-Feni River Camp,Flood,"Kailashahar, Unakoti district",24.3322,92.006,3000,2400,Government school,Annual Feni river flooding,Tripura SDMA; NDMA NE
Tripura,Sepahijala,Bishalgarh Haora River Flood Camp,Flood,"Bishalgarh, Sepahijala district",23.6791,91.4152,5000,4000,Government school,Annual Haora river flooding,Tripura SDMA
Sikkim,West Sikkim,Gyalshing West Sikkim Teesta Flood Camp,GLOF / Flood,"Gyalshing, West Sikkim",27.2895,88.2633,3000,2400,Government school + community centre,Oct 2023 Sikkim GLOF,Wikipedia 2023 Sikkim Floods
Sikkim,South Sikkim,Namchi South Sikkim Teesta Flood Camp,Flood / Landslide,"Namchi, South Sikkim",27.163,88.3636,3000,2400,Government school,Oct 2023 Sikkim GLOF; Annual monsoon,Sikkim SDMA; ReliefWeb 2023
Punjab,Gurdaspur,Gurdaspur Ravi-Basantar Flood Camp,Flood,Gurdaspur district (Pakistan border zone),32.0394,75.4018,4000,3200,Government school cluster,2023 Punjab Floods (Ravi-Basantar in spate),Punjab SDMA 2023; Wikipedia 2023 North India Floods
Punjab,Pathankot,Pathankot Chakki-Ravi Flood Camp,Flood,Pathankot city (Himachal Pradesh border),32.2746,75.6522,4000,3200,Municipal school + community hall,2023 North India Floods (Chakki bridge swept),Wikipedia 2023 North India Floods (Pathankot Chakki bridge); Punjab SDMA
Punjab,Ropar,Ropar Sutlej-Satluj Flood Camp,Flood,Rupnagar (Ropar) district (Bhakra zone),30.9647,76.5296,4000,3200,Government school cluster,2023 Punjab Floods (Sutlej in spate),Punjab SDMA 2023
Punjab,Patiala,Patiala Ghaggar-Tangri Flood Camp,Flood,Patiala district (Ghaggar basin),30.3398,76.3869,4000,3200,Government school cluster,2023 Punjab Floods (Patiala waterlogged),Wikipedia 2023 North India Floods (Patiala Dera Bassi); Punjab SDMA
Punjab,SBS Nagar,SBS Nagar Beas River Flood Camp,Flood,Nawanshahr (SBS Nagar) district,31.1234,76.1156,3000,2400,Government school,2023 Punjab Floods,Punjab SDMA 2023
Punjab,Jalandhar,Jalandhar Bein-Sutlej Flood Camp 2023,Flood,Jalandhar district,31.326,75.5762,5000,4000,Municipal school cluster,2023 Punjab Floods,Wikipedia 2023 North India Floods; Punjab SDMA
Punjab,Ludhiana,Ludhiana Buddha Nala Urban Flood Camp,Flood,Ludhiana city (Buddha Nala urban flooding),30.901,75.8573,6000,5000,Municipal school cluster,2023 Punjab Floods (Ludhiana worst urban flooding),Wikipedia 2023 North India Floods (Ludhiana worst hit); Punjab SDMA
Andhra Pradesh,East Godavari,East Godavari Flood Camp 2022,Flood,East Godavari district (Godavari delta),17.0005,81.804,12000,10000,School cluster + NDRF base,2020 & 2022 AP Godavari Floods,APSDMA 2022; FloodList AP
Andhra Pradesh,Nandyal,Nandyal Kurnool-Kunderu Flood Camp,Flood,Nandyal district,15.4786,78.4837,4000,3200,Government school,2020 AP Floods,APSDMA 2020
Andhra Pradesh,Nalgonda,Nalgonda Krishna-Musi Flood Camp,Flood,Nalgonda district (now partly TG),17.0575,79.2671,5000,4000,Government school cluster,2020 AP/TG Krishna basin floods,APSDMA / TSSDMA 2020
Andhra Pradesh,Ongole (Prakasam),Ongole Gundlakamma-Musi Flood Camp,Flood,"Ongole, Prakasam district",15.5057,80.0499,6000,5000,Municipal school cluster,2020 AP Floods; Cyclone Michaung 2023,APSDMA 2020; Caritas India ReliefWeb Dec 2023
Andhra Pradesh,Chittoor,Chittoor Swarnamukhi-Penna Flood Camp,Flood,Chittoor district (Karnataka-TN border),13.2172,79.1003,4000,3200,Government school,2024 AP Floods,NDMA SitRep Sep 3 2024 (Chittoor listed)
Kerala,Wayanad,Mundakkai Vythiri Landslide Primary Camp 2024,Landslide,"Mundakkai village, Vythiri taluk, Wayanad",11.5521,76.0538,2000,1700,School + church + makeshift,Jul 30 2024 Wayanad Landslide (241+ confirmed dead),ReliefWeb SitRep 010-2024 Aug 1 2024 (241 dead 200+ missing)
Kerala,Wayanad,Chooralmala Meppadi Relief Camp 2024,Landslide,"Meppadi town, Wayanad (near Chooralmala)",11.5183,76.0813,3000,2500,Government school + community hall,Jul 30 2024 Wayanad Landslide,PUCL Wayanad Report 2024; NDRF Wayanad operations
Kerala,Malappuram,Malappuram Chaliyar River Flood Camp,Flood,Malappuram district (Chaliyar river zone),11.051,76.0711,8000,6500,Government school cluster,2019 Kerala Floods; Annual Chaliyar flooding,SEOC Kerala 2019; NDMA Kerala
Kerala,Kannur,Kannur Valapattanam Coastal Flood Camp,Flood,Kannur district coastal zone,11.8745,75.3704,8000,6500,School + community hall,2018 Kerala Floods,SEOC Kerala 2018; NDMA Kerala
